DATE,TMAX,TMIN,PRCP,SNWD,SNOW
2019-12-01,178.0,28.0,0.0,0.0,0.0
2019-12-02,178.0,6.0,0.0,0.0,0.0
2019-12-03,233.0,-5.0,0.0,0.0,0.0
2019-12-04,222.0,22.0,0.0,0.0,0.0
2019-12-05,228.0,67.0,0.0,0.0,
2019-12-06,217.0,83.0,0.0,0.0,0.0
2019-12-07,194.0,39.0,0.0,0.0,0.0
2019-12-08,233.0,50.0,0.0,0.0,0.0
2019-12-09,272.0,117.0,0.0,0.0,0.0
2019-12-10,111.0,17.0,97.0,0.0,
2019-12-11,133.0,-5.0,0.0,0.0,0.0
2019-12-12,161.0,-21.0,0.0,0.0,0.0
2019-12-13,239.0,44.0,0.0,0.0,0.0
2019-12-14,239.0,17.0,0.0,0.0,0.0
2019-12-15,267.0,100.0,0.0,0.0,0.0
2019-12-16,206.0,33.0,0.0,0.0,0.0
2019-12-17,122.0,-32.0,0.0,0.0,0.0
2019-12-18,150.0,-60.0,0.0,0.0,0.0
2019-12-19,150.0,-71.0,0.0,0.0,0.0
2019-12-20,100.0,33.0,117.0,0.0,
2019-12-21,133.0,17.0,0.0,0.0,0.0
2019-12-22,128.0,-10.0,0.0,0.0,0.0
2019-12-23,206.0,-21.0,0.0,0.0,0.0
2019-12-24,211.0,-21.0,0.0,0.0,0.0
2019-12-25,189.0,22.0,0.0,0.0,0.0
2019-12-26,189.0,50.0,0.0,0.0,0.0
2019-12-27,206.0,72.0,0.0,0.0,0.0
2019-12-28,217.0,106.0,13.0,0.0,0.0
2019-12-29,183.0,39.0,0.0,0.0,0.0
2019-12-30,161.0,-21.0,0.0,0.0,0.0
2019-12-31,150.0,-27.0,0.0,0.0,0.0
2020-01-01,139.0,89.0,0.0,0.0,0.0
2020-01-02,150.0,61.0,5.0,0.0,
2020-01-03,178.0,22.0,0.0,0.0,0.0
2020-01-04,217.0,-10.0,0.0,0.0,0.0
2020-01-05,233.0,61.0,0.0,0.0,0.0
2020-01-06,228.0,11.0,0.0,0.0,0.0
2020-01-07,194.0,-16.0,0.0,0.0,0.0
2020-01-08,206.0,-43.0,0.0,0.0,0.0
2020-01-09,256.0,161.0,0.0,0.0,0.0
2020-01-10,239.0,144.0,97.0,0.0,0.0
2020-01-11,144.0,22.0,5.0,0.0,
2020-01-12,161.0,-32.0,0.0,0.0,0.0
2020-01-13,167.0,44.0,0.0,0.0,0.0
2020-01-14,228.0,144.0,3.0,0.0,0.0
2020-01-15,278.0,183.0,0.0,0.0,0.0
2020-01-16,200.0,128.0,89.0,0.0,0.0
2020-01-17,156.0,94.0,43.0,0.0,
2020-01-18,194.0,67.0,3.0,0.0,
2020-01-19,139.0,11.0,0.0,0.0,0.0
2020-01-20,150.0,-27.0,0.0,0.0,0.0
2020-01-21,167.0,0.0,0.0,0.0,0.0
2020-01-22,133.0,72.0,216.0,0.0,0.0
2020-01-23,156.0,28.0,3.0,0.0,
2020-01-24,178.0,-5.0,0.0,0.0,0.0
2020-01-25,194.0,6.0,0.0,0.0,0.0
2020-01-26,244.0,83.0,0.0,0.0,0.0
2020-01-27,189.0,28.0,0.0,0.0,0.0
2020-01-28,217.0,83.0,56.0,0.0,
2020-01-29,144.0,50.0,0.0,0.0,0.0
2020-01-30,83.0,50.0,0.0,0.0,0.0
2020-01-31,144.0,17.0,0.0,0.0,0.0
2020-02-01,222.0,-5.0,0.0,0.0,0.0
2020-02-02,261.0,11.0,0.0,0.0,0.0
2020-02-03,222.0,117.0,0.0,0.0,0.0
2020-02-04,250.0,72.0,0.0,0.0,0.0
2020-02-05,67.0,-5.0,5.0,0.0,
2020-02-06,117.0,-32.0,0.0,0.0,0.0
2020-02-07,233.0,6.0,0.0,0.0,0.0
2020-02-08,206.0,11.0,0.0,0.0,0.0
2020-02-09,217.0,156.0,5.0,0.0,0.0
2020-02-10,206.0,67.0,3.0,0.0,
2020-02-11,78.0,50.0,142.0,0.0,
2020-02-12,133.0,39.0,272.0,0.0,
2020-02-13,106.0,0.0,0.0,0.0,0.0
2020-02-14,133.0,-21.0,0.0,0.0,0.0
2020-02-15,178.0,-5.0,0.0,0.0,0.0
2020-02-16,250.0,61.0,0.0,0.0,0.0
2020-02-17,261.0,133.0,0.0,0.0,0.0
2020-02-18,206.0,94.0,5.0,0.0,
2020-02-19,94.0,72.0,28.0,0.0,
2020-02-20,106.0,44.0,99.0,0.0,
2020-02-21,111.0,0.0,0.0,0.0,0.0
2020-02-22,167.0,17.0,0.0,0.0,0.0
2020-02-23,194.0,106.0,0.0,0.0,0.0
2020-02-24,217.0,67.0,18.0,0.0,
2020-02-25,189.0,33.0,0.0,0.0,0.0
2020-02-26,122.0,-16.0,0.0,0.0,0.0
2020-02-27,167.0,-55.0,0.0,0.0,0.0
2020-02-28,217.0,-10.0,0.0,0.0,0.0
2020-02-29,239.0,22.0,0.0,0.0,0.0
2020-03-01,233.0,128.0,0.0,0.0,0.0
2020-03-02,250.0,178.0,0.0,0.0,0.0
2020-03-03,228.0,167.0,0.0,0.0,0.0
2020-03-04,189.0,117.0,264.0,0.0,0.0
2020-03-05,228.0,78.0,0.0,0.0,0.0
2020-03-06,194.0,61.0,0.0,0.0,0.0
2020-03-07,172.0,44.0,0.0,0.0,0.0
2020-03-08,233.0,56.0,0.0,0.0,0.0
2020-03-09,194.0,172.0,18.0,0.0,0.0
2020-03-10,256.0,128.0,0.0,0.0,0.0
2020-03-11,278.0,167.0,0.0,0.0,0.0
2020-03-12,289.0,189.0,0.0,0.0,0.0
2020-03-13,278.0,189.0,0.0,0.0,0.0
2020-03-14,278.0,167.0,0.0,0.0,0.0
2020-03-15,172.0,133.0,13.0,0.0,0.0
2020-03-16,228.0,139.0,0.0,0.0,0.0
2020-03-17,267.0,189.0,0.0,0.0,0.0
2020-03-18,272.0,206.0,0.0,0.0,0.0
2020-03-19,272.0,206.0,8.0,0.0,0.0
2020-03-20,217.0,100.0,198.0,0.0,0.0
2020-03-21,122.0,72.0,333.0,0.0,
2020-03-22,183.0,122.0,5.0,0.0,0.0
2020-03-23,278.0,172.0,8.0,0.0,0.0
2020-03-24,311.0,133.0,0.0,0.0,0.0
2020-03-25,306.0,94.0,0.0,0.0,0.0
2020-03-26,294.0,189.0,0.0,0.0,0.0
2020-03-27,300.0,200.0,0.0,0.0,0.0
2020-03-28,256.0,100.0,41.0,0.0,0.0
2020-03-29,244.0,78.0,0.0,0.0,0.0
2020-03-30,211.0,167.0,140.0,0.0,0.0
2020-03-31,206.0,106.0,0.0,0.0,0.0
2020-04-01,239.0,72.0,0.0,0.0,0.0
2020-04-02,211.0,150.0,25.0,0.0,0.0
2020-04-03,233.0,72.0,155.0,0.0,0.0
2020-04-04,100.0,61.0,163.0,0.0,
2020-04-05,183.0,89.0,0.0,0.0,0.0
2020-04-06,256.0,133.0,0.0,0.0,0.0
2020-04-07,294.0,194.0,0.0,0.0,0.0
2020-04-08,328.0,217.0,0.0,0.0,0.0
2020-04-09,311.0,183.0,147.0,0.0,0.0
2020-04-10,222.0,150.0,0.0,0.0,0.0
2020-04-11,233.0,117.0,13.0,0.0,0.0
2020-04-12,283.0,139.0,13.0,0.0,0.0
2020-04-13,156.0,56.0,0.0,0.0,0.0
2020-04-14,167.0,56.0,0.0,0.0,0.0
2020-04-15,183.0,44.0,0.0,0.0,0.0
2020-04-16,244.0,61.0,0.0,0.0,0.0
2020-04-17,206.0,122.0,3.0,0.0,0.0
2020-04-18,161.0,117.0,0.0,0.0,0.0
2020-04-19,317.0,133.0,5.0,0.0,0.0
2020-04-20,283.0,122.0,0.0,0.0,0.0
2020-04-21,289.0,178.0,0.0,0.0,0.0
2020-04-22,267.0,183.0,318.0,0.0,0.0
2020-04-23,278.0,128.0,0.0,0.0,0.0
2020-04-24,333.0,128.0,0.0,0.0,0.0
2020-04-25,256.0,122.0,0.0,0.0,0.0
2020-04-26,289.0,94.0,0.0,0.0,0.0
2020-04-27,306.0,139.0,0.0,0.0,0.0
2020-04-28,317.0,222.0,0.0,0.0,0.0
2020-04-29,272.0,128.0,213.0,0.0,0.0
2020-04-30,283.0,89.0,0.0,0.0,0.0
2020-05-01,300.0,133.0,0.0,0.0,0.0
2020-05-02,311.0,183.0,0.0,0.0,0.0
2020-05-03,322.0,206.0,0.0,0.0,0.0
2020-05-04,328.0,217.0,0.0,0.0,0.0
2020-05-05,278.0,200.0,0.0,0.0,0.0
2020-05-06,289.0,139.0,0.0,0.0,0.0
2020-05-07,278.0,106.0,0.0,0.0,0.0
2020-05-08,283.0,150.0,0.0,0.0,0.0
2020-05-09,244.0,133.0,0.0,0.0,0.0
2020-05-10,261.0,89.0,0.0,0.0,0.0
2020-05-11,283.0,100.0,0.0,0.0,0.0
2020-05-12,233.0,178.0,170.0,0.0,0.0
2020-05-13,306.0,178.0,0.0,0.0,0.0
2020-05-14,317.0,211.0,0.0,0.0,0.0
2020-05-15,322.0,183.0,124.0,0.0,0.0
2020-05-16,250.0,167.0,224.0,0.0,0.0
2020-05-17,306.0,172.0,0.0,0.0,0.0
2020-05-18,328.0,161.0,0.0,0.0,0.0
2020-05-19,333.0,194.0,0.0,0.0,0.0
2020-05-20,328.0,222.0,0.0,0.0,0.0
2020-05-21,322.0,222.0,0.0,0.0,0.0
2020-05-22,333.0,206.0,5.0,0.0,0.0
2020-05-23,328.0,239.0,0.0,0.0,0.0
2020-05-24,328.0,206.0,43.0,0.0,0.0
2020-05-25,267.0,189.0,89.0,0.0,0.0
2020-05-26,283.0,161.0,5.0,0.0,0.0
2020-05-27,317.0,133.0,290.0,0.0,0.0
2020-05-28,300.0,150.0,3.0,0.0,0.0
2020-05-29,300.0,183.0,0.0,0.0,0.0
2020-05-30,300.0,156.0,0.0,0.0,0.0
2020-05-31,289.0,206.0,0.0,0.0,0.0
2020-06-01,294.0,200.0,0.0,0.0,0.0
2020-06-02,317.0,189.0,0.0,0.0,0.0
2020-06-03,322.0,194.0,0.0,0.0,0.0
2020-06-04,328.0,228.0,0.0,0.0,0.0
2020-06-05,328.0,228.0,0.0,0.0,0.0
2020-06-06,344.0,200.0,0.0,0.0,0.0
2020-06-07,333.0,217.0,0.0,0.0,0.0
2020-06-08,350.0,200.0,0.0,0.0,0.0
2020-06-09,350.0,211.0,0.0,0.0,0.0
2020-06-10,322.0,150.0,0.0,0.0,0.0
2020-06-11,333.0,122.0,0.0,0.0,0.0
2020-06-12,322.0,139.0,0.0,0.0,0.0
2020-06-13,328.0,156.0,0.0,0.0,0.0
2020-06-14,333.0,144.0,0.0,0.0,0.0
2020-06-15,339.0,183.0,0.0,0.0,0.0
2020-06-16,339.0,211.0,0.0,0.0,0.0
2020-06-17,333.0,183.0,0.0,0.0,0.0
2020-06-18,333.0,194.0,0.0,0.0,0.0
2020-06-19,344.0,228.0,0.0,0.0,0.0
2020-06-20,333.0,194.0,147.0,0.0,0.0
2020-06-21,344.0,233.0,0.0,0.0,0.0
2020-06-22,328.0,250.0,0.0,0.0,0.0
2020-06-23,317.0,211.0,152.0,0.0,0.0
2020-06-24,283.0,217.0,30.0,0.0,0.0
2020-06-25,322.0,206.0,0.0,0.0,0.0
2020-06-26,294.0,222.0,0.0,0.0,0.0
2020-06-27,333.0,233.0,0.0,0.0,0.0
2020-06-28,311.0,250.0,0.0,0.0,0.0
2020-06-29,328.0,256.0,0.0,0.0,0.0
2020-06-30,333.0,261.0,0.0,0.0,0.0
2020-07-01,339.0,256.0,0.0,0.0,0.0
2020-07-02,356.0,256.0,0.0,0.0,0.0
2020-07-03,361.0,239.0,0.0,0.0,0.0
2020-07-04,361.0,222.0,0.0,0.0,0.0
2020-07-05,367.0,228.0,0.0,0.0,0.0
2020-07-06,333.0,250.0,0.0,0.0,0.0
2020-07-07,333.0,256.0,0.0,0.0,0.0
2020-07-08,356.0,250.0,0.0,0.0,0.0
2020-07-09,367.0,250.0,0.0,0.0,0.0
2020-07-10,378.0,250.0,0.0,0.0,0.0
2020-07-11,378.0,244.0,0.0,0.0,0.0
2020-07-12,383.0,244.0,0.0,0.0,0.0
2020-07-13,394.0,250.0,0.0,0.0,0.0
2020-07-14,394.0,244.0,0.0,0.0,0.0
2020-07-15,372.0,244.0,0.0,0.0,0.0
2020-07-16,372.0,233.0,0.0,0.0,0.0
2020-07-17,378.0,233.0,0.0,0.0,0.0
2020-07-18,356.0,228.0,0.0,0.0,0.0
2020-07-19,367.0,222.0,0.0,0.0,0.0
2020-07-20,367.0,217.0,0.0,0.0,0.0
2020-07-21,339.0,244.0,0.0,0.0,0.0
2020-07-22,367.0,256.0,0.0,0.0,0.0
2020-07-23,378.0,233.0,0.0,0.0,0.0
2020-07-24,367.0,233.0,0.0,0.0,0.0
2020-07-25,350.0,239.0,30.0,0.0,0.0
2020-07-26,333.0,222.0,201.0,0.0,0.0
2020-07-27,350.0,228.0,0.0,0.0,0.0
2020-07-28,367.0,228.0,0.0,0.0,0.0
2020-07-29,367.0,228.0,0.0,0.0,0.0
2020-07-30,361.0,233.0,0.0,0.0,0.0
2020-07-31,361.0,233.0,137.0,0.0,0.0
2020-08-01,356.0,217.0,0.0,0.0,0.0
2020-08-02,378.0,211.0,13.0,0.0,0.0
2020-08-03,372.0,200.0,0.0,0.0,0.0
2020-08-04,372.0,222.0,0.0,0.0,0.0
2020-08-05,378.0,233.0,0.0,0.0,0.0
2020-08-06,378.0,233.0,0.0,0.0,0.0
2020-08-07,372.0,228.0,0.0,0.0,0.0
2020-08-08,372.0,228.0,0.0,0.0,0.0
2020-08-09,378.0,239.0,0.0,0.0,0.0
2020-08-10,378.0,250.0,0.0,0.0,0.0
2020-08-11,383.0,244.0,0.0,0.0,0.0
2020-08-12,383.0,250.0,0.0,0.0,0.0
2020-08-13,389.0,250.0,0.0,0.0,0.0
2020-08-14,394.0,244.0,0.0,0.0,0.0
2020-08-15,400.0,250.0,0.0,0.0,0.0
2020-08-16,394.0,250.0,0.0,0.0,0.0
2020-08-17,356.0,228.0,0.0,0.0,0.0
2020-08-18,378.0,217.0,0.0,0.0,0.0
2020-08-19,367.0,194.0,0.0,0.0,0.0
2020-08-20,367.0,161.0,0.0,0.0,0.0
2020-08-21,378.0,206.0,0.0,0.0,0.0
2020-08-22,328.0,206.0,94.0,0.0,0.0
2020-08-23,356.0,183.0,0.0,0.0,0.0
2020-08-24,361.0,206.0,0.0,0.0,0.0
2020-08-25,372.0,200.0,0.0,0.0,0.0
2020-08-26,344.0,217.0,8.0,0.0,0.0
2020-08-27,367.0,233.0,0.0,0.0,0.0
2020-08-28,394.0,261.0,0.0,0.0,0.0
2020-08-29,383.0,256.0,0.0,0.0,0.0
2020-08-30,372.0,250.0,0.0,0.0,0.0
2020-08-31,378.0,272.0,0.0,0.0,0.0
2020-09-01,367.0,267.0,0.0,0.0,0.0
2020-09-02,289.0,217.0,33.0,0.0,0.0
2020-09-03,272.0,228.0,122.0,0.0,0.0
2020-09-04,283.0,217.0,940.0,0.0,0.0
2020-09-05,322.0,222.0,3.0,0.0,0.0
2020-09-06,333.0,211.0,0.0,0.0,0.0
2020-09-07,344.0,222.0,0.0,0.0,0.0
2020-09-08,311.0,233.0,0.0,0.0,0.0
2020-09-09,311.0,150.0,163.0,0.0,0.0
2020-09-10,189.0,139.0,0.0,0.0,0.0
2020-09-11,272.0,172.0,0.0,0.0,0.0
2020-09-12,322.0,183.0,0.0,0.0,0.0
2020-09-13,328.0,217.0,0.0,0.0,0.0
2020-09-14,317.0,211.0,0.0,0.0,0.0
2020-09-15,311.0,222.0,0.0,0.0,0.0
2020-09-16,328.0,211.0,0.0,0.0,0.0
2020-09-17,300.0,206.0,10.0,0.0,0.0
2020-09-18,306.0,200.0,0.0,0.0,0.0
2020-09-19,283.0,178.0,0.0,0.0,0.0
2020-09-20,283.0,144.0,36.0,0.0,0.0
2020-09-21,217.0,189.0,48.0,0.0,0.0
2020-09-22,222.0,194.0,79.0,0.0,0.0
2020-09-23,244.0,200.0,0.0,0.0,0.0
2020-09-24,244.0,144.0,0.0,0.0,0.0
2020-09-25,300.0,122.0,0.0,0.0,0.0
2020-09-26,322.0,178.0,0.0,0.0,0.0
2020-09-27,328.0,233.0,0.0,0.0,0.0
2020-09-28,261.0,117.0,8.0,0.0,0.0
2020-09-29,278.0,89.0,0.0,0.0,0.0
2020-09-30,306.0,78.0,0.0,0.0,0.0
2020-10-01,311.0,83.0,0.0,0.0,0.0
2020-10-02,272.0,111.0,0.0,0.0,0.0
2020-10-03,294.0,89.0,0.0,0.0,0.0
2020-10-04,306.0,122.0,0.0,0.0,0.0
2020-10-05,294.0,122.0,0.0,0.0,0.0
2020-10-06,300.0,144.0,0.0,0.0,0.0
2020-10-07,317.0,128.0,0.0,0.0,0.0
2020-10-08,311.0,117.0,0.0,0.0,0.0
2020-10-09,306.0,189.0,0.0,0.0,0.0
2020-10-10,333.0,156.0,0.0,0.0,0.0
2020-10-11,356.0,178.0,0.0,0.0,0.0
2020-10-12,294.0,133.0,0.0,0.0,0.0
2020-10-13,306.0,100.0,0.0,0.0,0.0
2020-10-14,328.0,111.0,0.0,0.0,0.0
2020-10-15,311.0,183.0,0.0,0.0,0.0
2020-10-16,239.0,100.0,0.0,0.0,0.0
2020-10-17,272.0,106.0,0.0,0.0,0.0
2020-10-18,328.0,217.0,0.0,0.0,0.0
2020-10-19,328.0,183.0,0.0,0.0,0.0
2020-10-20,328.0,228.0,0.0,0.0,0.0
2020-10-21,317.0,217.0,0.0,0.0,0.0
2020-10-22,317.0,194.0,0.0,0.0,0.0
2020-10-23,267.0,117.0,23.0,0.0,0.0
2020-10-24,183.0,106.0,0.0,0.0,0.0
2020-10-25,289.0,100.0,0.0,0.0,0.0
2020-10-26,233.0,56.0,3.0,0.0,
2020-10-27,61.0,44.0,3.0,0.0,
2020-10-28,150.0,22.0,8.0,0.0,
2020-10-29,161.0,17.0,0.0,0.0,0.0
2020-10-30,206.0,28.0,0.0,0.0,0.0
2020-10-31,250.0,6.0,0.0,0.0,0.0
2020-11-01,244.0,50.0,0.0,0.0,0.0
2020-11-02,239.0,28.0,0.0,0.0,0.0
2020-11-03,267.0,11.0,0.0,0.0,0.0
2020-11-04,267.0,33.0,0.0,0.0,0.0
2020-11-05,267.0,89.0,0.0,0.0,0.0
2020-11-06,267.0,111.0,0.0,0.0,0.0
2020-11-07,267.0,67.0,0.0,0.0,0.0
2020-11-08,278.0,100.0,0.0,0.0,0.0
2020-11-09,289.0,144.0,0.0,0.0,0.0
2020-11-10,267.0,144.0,0.0,0.0,0.0
2020-11-11,272.0,111.0,0.0,0.0,0.0
2020-11-12,289.0,128.0,0.0,0.0,0.0
2020-11-13,261.0,144.0,0.0,0.0,0.0
2020-11-14,306.0,206.0,0.0,0.0,0.0
2020-11-15,217.0,22.0,0.0,0.0,0.0
2020-11-16,228.0,-10.0,0.0,0.0,0.0
2020-11-17,244.0,-5.0,0.0,0.0,0.0
2020-11-18,261.0,6.0,0.0,0.0,0.0
2020-11-19,278.0,83.0,0.0,0.0,0.0
2020-11-20,278.0,128.0,0.0,0.0,0.0
2020-11-21,267.0,128.0,0.0,0.0,0.0
2020-11-22,261.0,122.0,13.0,0.0,0.0
2020-11-23,178.0,94.0,0.0,0.0,0.0
2020-11-24,283.0,150.0,0.0,0.0,0.0
2020-11-25,222.0,39.0,5.0,0.0,
2020-11-26,256.0,22.0,0.0,0.0,0.0
2020-11-27,194.0,139.0,5.0,0.0,0.0
2020-11-28,156.0,100.0,114.0,0.0,0.0
2020-11-29,117.0,78.0,0.0,0.0,0.0
2020-11-30,122.0,-38.0,0.0,0.0,0.0
2020-12-01,167.0,-60.0,0.0,0.0,0.0
2020-12-02,178.0,28.0,0.0,0.0,0.0
2020-12-03,128.0,0.0,0.0,,
2020-12-04,133.0,-21.0,,,
2020-12-05,122.0,-27.0,5.0,,
2020-12-06,183.0,-5.0,0.0,,
2020-12-07,194.0,6.0,0.0,,
2020-12-08,256.0,-5.0,0.0,0.0,0.0
2020-12-09,272.0,-10.0,0.0,0.0,0.0
2020-12-10,250.0,56.0,,,
2020-12-11,206.0,94.0,18.0,,
2020-12-12,156.0,50.0,,,
2020-12-13,133.0,50.0,41.0,,
2020-12-14,94.0,17.0,,,
2020-12-15,111.0,6.0,,,
2020-12-16,111.0,-21.0,,,
2020-12-17,172.0,-60.0,,,
2020-12-18,189.0,-16.0,,,
2020-12-19,189.0,39.0,229.0,,
2020-12-20,200.0,0.0,,,
2020-12-21,228.0,-16.0,,,
2020-12-22,228.0,22.0,,,
2020-12-23,256.0,67.0,,,
2020-12-24,133.0,-5.0,0.0,,
2020-12-25,194.0,-27.0,0.0,,
2020-12-26,206.0,-10.0,,,
2020-12-27,239.0,72.0,,,
2020-12-28,228.0,89.0,3.0,,
2020-12-29,239.0,161.0,3.0,,
2020-12-30,206.0,56.0,378.0,,
2020-12-31,56.0,28.0,500.0,,
2021-01-01,94.0,6.0,0.0,,
2021-01-02,161.0,-5.0,0.0,,
2021-01-03,200.0,28.0,0.0,,
2021-01-04,222.0,22.0,0.0,,
2021-01-05,222.0,17.0,0.0,,
2021-01-06,189.0,83.0,119.0,,
2021-01-07,150.0,17.0,0.0,,
2021-01-08,100.0,-10.0,0.0,,
2021-01-09,106.0,-27.0,3.0,,
2021-01-10,61.0,0.0,190.0,,
2021-01-11,72.0,-21.0,0.0,,
2021-01-12,106.0,-43.0,0.0,,
2021-01-13,172.0,-21.0,0.0,,
2021-01-14,194.0,33.0,0.0,,
2021-01-15,150.0,0.0,0.0,,
2021-01-16,167.0,17.0,0.0,,
2021-01-17,183.0,-5.0,0.0,,
2021-01-18,233.0,-10.0,0.0,,
2021-01-19,194.0,83.0,79.0,,
2021-01-20,117.0,78.0,13.0,,
2021-01-21,189.0,94.0,3.0,,
2021-01-22,222.0,106.0,3.0,,
2021-01-23,167.0,100.0,3.0,,
2021-01-24,211.0,156.0,13.0,,
2021-01-25,239.0,67.0,13.0,,
2021-01-26,211.0,28.0,0.0,,
2021-01-27,183.0,50.0,0.0,,
2021-01-28,111.0,-16.0,0.0,,
2021-01-29,194.0,-5.0,0.0,,
2021-01-30,256.0,83.0,0.0,,
2021-01-31,189.0,50.0,0.0,,
2021-02-01,167.0,-5.0,0.0,,
2021-02-02,194.0,-5.0,0.0,,
2021-02-03,233.0,50.0,0.0,,
2021-02-04,289.0,111.0,0.0,,
2021-02-05,133.0,44.0,64.0,,
2021-02-06,233.0,61.0,0.0,,
2021-02-07,200.0,-16.0,0.0,,
2021-02-08,239.0,83.0,0.0,,
2021-02-09,161.0,56.0,3.0,,
2021-02-10,67.0,11.0,0.0,,
2021-02-11,11.0,-16.0,86.0,,
2021-02-12,-10.0,-27.0,0.0,,
2021-02-13,-16.0,-38.0,0.0,,
2021-02-14,-16.0,-105.0,10.0,,
2021-02-15,-71.0,-160.0,3.0,,
2021-02-16,-49.0,-188.0,15.0,,
2021-02-17,0.0,-55.0,155.0,,
2021-02-18,-5.0,-49.0,0.0,,
2021-02-19,33.0,-88.0,0.0,,
2021-02-20,156.0,-55.0,0.0,,
2021-02-21,228.0,44.0,0.0,,
2021-02-22,217.0,17.0,0.0,,
2021-02-23,244.0,39.0,0.0,,
2021-02-24,278.0,144.0,0.0,,
2021-02-25,144.0,94.0,3.0,,
2021-02-26,144.0,78.0,3.0,,
2021-02-27,261.0,133.0,5.0,,
2021-02-28,239.0,128.0,0.0,,
2021-03-01,128.0,78.0,41.0,,
2021-03-02,172.0,28.0,0.0,,
2021-03-03,211.0,-5.0,0.0,,
2021-03-04,239.0,33.0,0.0,,
2021-03-05,261.0,117.0,0.0,,
2021-03-06,194.0,44.0,0.0,,
2021-03-07,200.0,0.0,0.0,,
2021-03-08,233.0,17.0,0.0,,
2021-03-09,244.0,122.0,0.0,,
2021-03-10,267.0,161.0,0.0,,
2021-03-11,267.0,189.0,0.0,,
2021-03-12,267.0,189.0,0.0,,
2021-03-13,256.0,183.0,0.0,,
2021-03-14,228.0,106.0,33.0,,
2021-03-15,289.0,33.0,0.0,,
2021-03-16,294.0,183.0,5.0,,
2021-03-17,250.0,94.0,43.0,,
2021-03-18,217.0,50.0,0.0,,
2021-03-19,211.0,44.0,0.0,,
2021-03-20,222.0,11.0,0.0,,
2021-03-21,233.0,33.0,0.0,,
2021-03-22,211.0,117.0,38.0,,
2021-03-23,278.0,94.0,3.0,,
2021-03-24,233.0,72.0,0.0,,
2021-03-25,250.0,72.0,15.0,,
2021-03-26,289.0,44.0,0.0,,
2021-03-27,306.0,156.0,0.0,,
2021-03-28,239.0,56.0,0.0,,
2021-03-29,261.0,22.0,0.0,,
2021-03-30,283.0,150.0,0.0,,
2021-03-31,222.0,106.0,5.0,,
2021-04-01,222.0,17.0,0.0,,
2021-04-02,228.0,11.0,0.0,,
2021-04-03,206.0,106.0,8.0,,
2021-04-04,244.0,83.0,0.0,,
2021-04-05,278.0,94.0,0.0,,
2021-04-06,306.0,183.0,0.0,,
2021-04-07,311.0,83.0,0.0,,
2021-04-08,322.0,61.0,0.0,,
2021-04-09,328.0,189.0,0.0,,
2021-04-10,267.0,106.0,0.0,,
2021-04-11,317.0,39.0,0.0,,
2021-04-12,311.0,167.0,0.0,,
2021-04-13,294.0,200.0,0.0,,
2021-04-14,283.0,178.0,0.0,,
2021-04-15,206.0,156.0,109.0,,
2021-04-16,200.0,144.0,10.0,,
2021-04-17,178.0,83.0,0.0,,
2021-04-18,217.0,78.0,0.0,,
2021-04-19,250.0,56.0,0.0,,
2021-04-20,283.0,83.0,0.0,,
2021-04-21,194.0,44.0,0.0,,
2021-04-22,189.0,39.0,0.0,,
2021-04-23,228.0,167.0,208.0,,
2021-04-24,267.0,139.0,0.0,,
2021-04-25,306.0,94.0,0.0,,
2021-04-26,300.0,178.0,0.0,,
2021-04-27,267.0,206.0,0.0,,
2021-04-28,317.0,222.0,0.0,,
2021-04-29,250.0,194.0,53.0,,
2021-04-30,261.0,189.0,323.0,,
2021-05-01,267.0,178.0,457.0,,
2021-05-02,317.0,156.0,0.0,,
2021-05-03,333.0,206.0,0.0,,
2021-05-04,272.0,161.0,0.0,,
2021-05-05,261.0,117.0,0.0,,
2021-05-06,300.0,111.0,0.0,,
2021-05-07,300.0,117.0,0.0,,
2021-05-08,328.0,178.0,0.0,,
2021-05-09,322.0,222.0,3.0,,
2021-05-10,244.0,161.0,0.0,,
2021-05-11,211.0,156.0,0.0,,
2021-05-12,222.0,144.0,0.0,,
2021-05-13,261.0,150.0,0.0,,
2021-05-14,294.0,144.0,0.0,,
2021-05-15,278.0,156.0,0.0,,
2021-05-16,283.0,200.0,36.0,,
2021-05-17,272.0,178.0,38.0,,
2021-05-18,278.0,178.0,104.0,,
2021-05-19,239.0,172.0,0.0,,
2021-05-20,306.0,161.0,0.0,,
2021-05-21,311.0,183.0,0.0,,
2021-05-22,278.0,217.0,69.0,,
2021-05-23,222.0,200.0,86.0,,
2021-05-24,306.0,200.0,399.0,,
2021-05-25,322.0,206.0,0.0,,
2021-05-26,328.0,189.0,81.0,,
2021-05-27,328.0,228.0,0.0,,
2021-05-28,317.0,189.0,124.0,,
2021-05-29,322.0,172.0,0.0,,
2021-05-30,306.0,183.0,0.0,,
2021-05-31,306.0,200.0,620.0,,
2021-06-01,300.0,194.0,292.0,,
2021-06-02,328.0,178.0,173.0,,
2021-06-03,228.0,172.0,94.0,,
2021-06-04,300.0,183.0,3.0,,
2021-06-05,300.0,178.0,84.0,,
2021-06-06,333.0,183.0,0.0,,
2021-06-07,306.0,244.0,0.0,,
2021-06-08,333.0,239.0,0.0,,
2021-06-09,361.0,239.0,0.0,,
2021-06-10,339.0,233.0,0.0,,
2021-06-11,339.0,244.0,0.0,,
2021-06-12,344.0,228.0,0.0,,
2021-06-13,378.0,222.0,0.0,,
2021-06-14,378.0,222.0,0.0,,
2021-06-15,361.0,222.0,0.0,,
2021-06-16,367.0,200.0,0.0,,
2021-06-17,378.0,206.0,0.0,,
2021-06-18,339.0,222.0,0.0,,
2021-06-19,,,0.0,,
2021-06-20,,,0.0,,
2021-06-21,,,41.0,,
2021-06-22,,,0.0,,
2021-06-23,,,0.0,,
2021-06-24,,,0.0,0.0,0.0
2021-06-25,,,0.0,0.0,0.0
2021-06-26,,,0.0,0.0,0.0
2021-06-27,,,8.0,,
2021-06-28,,,0.0,,
2021-06-29,,,36.0,,
2021-06-30,,,0.0,,
2021-07-01,,,0.0,,
2021-07-02,,,36.0,,
2021-07-03,,,0.0,,
2021-07-04,,,36.0,,
2021-07-05,,,411.0,,
2021-07-06,,,23.0,,
2021-07-07,,,0.0,,
2021-07-08,,,124.0,,
2021-07-09,,,3.0,,
2021-07-10,,,18.0,,
2021-07-11,,,0.0,,
2021-07-12,,,0.0,,
2021-07-13,328.0,200.0,363.0,,
2021-07-14,328.0,194.0,3.0,,
2021-07-15,328.0,228.0,0.0,,
2021-07-16,328.0,239.0,0.0,,
2021-07-17,333.0,233.0,0.0,,
2021-07-18,339.0,217.0,0.0,,
2021-07-19,333.0,228.0,13.0,,
2021-07-20,317.0,211.0,0.0,,
2021-07-21,317.0,217.0,13.0,,
2021-07-22,333.0,200.0,5.0,,
2021-07-23,339.0,222.0,0.0,,
2021-07-24,344.0,239.0,0.0,,
2021-07-25,356.0,228.0,0.0,,
2021-07-26,356.0,217.0,0.0,,
2021-07-27,356.0,222.0,0.0,,
2021-07-28,350.0,239.0,0.0,,
2021-07-29,361.0,217.0,0.0,,
2021-07-30,356.0,217.0,0.0,,
2021-07-31,356.0,233.0,0.0,,
2021-08-01,367.0,244.0,20.0,,
2021-08-02,272.0,228.0,310.0,,
2021-08-03,322.0,222.0,0.0,,
2021-08-04,328.0,206.0,0.0,,
2021-08-05,283.0,228.0,0.0,0.0,0.0
2021-08-06,328.0,222.0,0.0,,
2021-08-07,339.0,228.0,0.0,,
2021-08-08,344.0,250.0,0.0,,
2021-08-09,350.0,256.0,0.0,,
2021-08-10,350.0,239.0,0.0,,
2021-08-11,350.0,222.0,0.0,,
2021-08-12,356.0,244.0,0.0,,
2021-08-13,356.0,228.0,0.0,,
2021-08-14,344.0,217.0,0.0,,
2021-08-15,311.0,222.0,201.0,,
2021-08-16,339.0,200.0,0.0,,
2021-08-17,344.0,228.0,0.0,,
2021-08-18,344.0,244.0,0.0,,
2021-08-19,350.0,256.0,0.0,,
2021-08-20,350.0,244.0,0.0,,
2021-08-21,356.0,239.0,0.0,,
2021-08-22,356.0,222.0,0.0,,
2021-08-23,350.0,222.0,0.0,,
2021-08-24,356.0,233.0,0.0,,
2021-08-25,356.0,233.0,0.0,,
2021-08-26,372.0,228.0,0.0,,
2021-08-27,344.0,222.0,0.0,,
2021-08-28,350.0,211.0,0.0,,
2021-08-29,344.0,228.0,0.0,,
2021-08-30,356.0,217.0,0.0,,
2021-08-31,367.0,228.0,0.0,,
2021-09-01,361.0,244.0,0.0,,
2021-09-02,361.0,239.0,15.0,,
2021-09-03,361.0,228.0,0.0,,
2021-09-04,361.0,228.0,0.0,,
2021-09-05,378.0,228.0,15.0,,
2021-09-06,361.0,228.0,0.0,,
2021-09-07,344.0,206.0,0.0,,
2021-09-08,361.0,161.0,0.0,,
2021-09-09,350.0,167.0,0.0,,
2021-09-10,344.0,133.0,0.0,,
2021-09-11,328.0,122.0,0.0,,
2021-09-12,339.0,156.0,0.0,,
2021-09-13,317.0,200.0,0.0,,
2021-09-14,283.0,211.0,0.0,,
2021-09-15,322.0,217.0,0.0,,
2021-09-16,333.0,178.0,0.0,,
2021-09-17,350.0,172.0,0.0,,
2021-09-18,356.0,183.0,0.0,,
2021-09-19,367.0,183.0,0.0,,
2021-09-20,372.0,233.0,0.0,,
2021-09-21,350.0,222.0,0.0,,
2021-09-22,289.0,117.0,0.0,,
2021-09-23,306.0,83.0,0.0,,
2021-09-24,306.0,100.0,0.0,,
2021-09-25,317.0,117.0,0.0,,
2021-09-26,322.0,117.0,0.0,,
2021-09-27,328.0,144.0,0.0,,
2021-09-28,356.0,189.0,183.0,,
2021-09-29,306.0,200.0,89.0,,
2021-09-30,328.0,211.0,8.0,,
2021-10-01,283.0,194.0,5.0,,
2021-10-02,306.0,206.0,5.0,,
2021-10-03,317.0,194.0,5.0,,
2021-10-04,311.0,150.0,0.0,,
2021-10-05,311.0,128.0,0.0,,
2021-10-06,306.0,128.0,0.0,,
2021-10-07,317.0,144.0,0.0,,
2021-10-08,317.0,161.0,0.0,,
2021-10-09,311.0,156.0,0.0,,
2021-10-10,333.0,178.0,71.0,,
2021-10-11,278.0,150.0,0.0,,
2021-10-12,306.0,200.0,46.0,,
2021-10-13,317.0,200.0,518.0,,
2021-10-14,267.0,183.0,107.0,,
2021-10-15,311.0,161.0,0.0,,
2021-10-16,228.0,94.0,0.0,,
2021-10-17,228.0,56.0,0.0,,
2021-10-18,244.0,61.0,0.0,,
2021-10-19,278.0,106.0,0.0,,
2021-10-20,289.0,161.0,0.0,,
2021-10-21,294.0,150.0,0.0,,
2021-10-22,306.0,167.0,0.0,,
2021-10-23,311.0,200.0,0.0,,
2021-10-24,300.0,194.0,0.0,,
2021-10-25,306.0,211.0,0.0,,
2021-10-26,311.0,206.0,0.0,,
2021-10-27,250.0,144.0,150.0,,
2021-10-28,256.0,117.0,0.0,,
2021-10-29,233.0,50.0,0.0,,
2021-10-30,261.0,33.0,0.0,,
2021-10-31,278.0,61.0,0.0,,
2021-11-01,267.0,72.0,0.0,,
2021-11-02,250.0,106.0,0.0,,
2021-11-03,161.0,89.0,452.0,,
2021-11-04,150.0,61.0,0.0,,
2021-11-05,167.0,28.0,0.0,,
2021-11-06,194.0,28.0,0.0,,
2021-11-07,228.0,33.0,0.0,,
2021-11-08,250.0,67.0,0.0,,
2021-11-09,244.0,100.0,0.0,,
2021-11-10,278.0,150.0,0.0,,
2021-11-11,228.0,67.0,0.0,,
2021-11-12,244.0,33.0,0.0,,
2021-11-13,200.0,17.0,0.0,,
2021-11-14,261.0,72.0,0.0,,
2021-11-15,272.0,122.0,0.0,,
2021-11-16,272.0,161.0,0.0,,
2021-11-17,283.0,167.0,0.0,,
2021-11-18,183.0,83.0,0.0,,
2021-11-19,183.0,28.0,0.0,,
2021-11-20,233.0,61.0,0.0,,
2021-11-21,244.0,139.0,0.0,,
2021-11-22,206.0,22.0,0.0,,
2021-11-23,211.0,-5.0,0.0,,
2021-11-24,261.0,94.0,8.0,,
2021-11-25,200.0,89.0,15.0,,
2021-11-26,122.0,39.0,0.0,,
2021-11-27,106.0,72.0,135.0,,
2021-11-28,206.0,39.0,0.0,,
2021-11-29,222.0,17.0,0.0,,
2021-11-30,233.0,61.0,0.0,,
2021-12-01,256.0,106.0,0.0,,
2021-12-02,261.0,83.0,0.0,,
2021-12-03,239.0,156.0,8.0,,
2021-12-04,250.0,156.0,0.0,,
2021-12-05,261.0,183.0,0.0,,
2021-12-06,222.0,56.0,0.0,,
2021-12-07,200.0,39.0,0.0,,
2021-12-08,239.0,50.0,0.0,,
2021-12-09,261.0,167.0,0.0,,
2021-12-10,289.0,211.0,0.0,,
2021-12-11,228.0,6.0,0.0,,
2021-12-12,161.0,-38.0,0.0,,
2021-12-13,183.0,33.0,5.0,,
2021-12-14,228.0,139.0,8.0,,
2021-12-15,272.0,194.0,0.0,,
2021-12-16,267.0,211.0,0.0,,
2021-12-17,261.0,206.0,0.0,,
2021-12-18,217.0,67.0,808.0,,
2021-12-19,117.0,39.0,5.0,,
2021-12-20,139.0,39.0,0.0,,
2021-12-21,178.0,6.0,0.0,,
2021-12-22,222.0,78.0,0.0,,
2021-12-23,228.0,117.0,0.0,,
2021-12-24,256.0,144.0,0.0,,
2021-12-25,250.0,133.0,0.0,,
2021-12-26,244.0,122.0,0.0,,
2021-12-27,261.0,178.0,0.0,,
2021-12-28,244.0,139.0,0.0,,
2021-12-29,261.0,128.0,0.0,,
2021-12-30,272.0,94.0,0.0,,
2021-12-31,278.0,172.0,0.0,,
2022-01-01,250.0,17.0,0.0,,
2022-01-02,78.0,-49.0,0.0,,
2022-01-03,128.0,-66.0,0.0,,
2022-01-04,194.0,-5.0,0.0,,
2022-01-05,211.0,44.0,0.0,,
2022-01-06,117.0,0.0,0.0,,
2022-01-07,56.0,-32.0,5.0,,
2022-01-08,183.0,50.0,33.0,,
2022-01-09,167.0,83.0,0.0,,
2022-01-10,139.0,33.0,0.0,,
2022-01-11,106.0,28.0,51.0,,
2022-01-12,161.0,39.0,0.0,,
2022-01-13,239.0,6.0,0.0,,
2022-01-14,250.0,11.0,0.0,,
2022-01-15,156.0,33.0,0.0,,
2022-01-16,161.0,-10.0,0.0,,
2022-01-17,194.0,-32.0,0.0,,
2022-01-18,233.0,33.0,0.0,,
2022-01-19,261.0,56.0,0.0,,
2022-01-20,50.0,-5.0,0.0,,
2022-01-21,83.0,-49.0,0.0,,
2022-01-22,117.0,-55.0,0.0,,
2022-01-23,156.0,-16.0,0.0,,
2022-01-24,117.0,39.0,33.0,,
2022-01-25,111.0,33.0,0.0,,
2022-01-26,122.0,28.0,0.0,,
2022-01-27,156.0,6.0,0.0,,
2022-01-28,144.0,-10.0,0.0,,
2022-01-29,189.0,-38.0,0.0,,
2022-01-30,206.0,17.0,0.0,,
2022-01-31,150.0,50.0,511.0,,
2022-02-01,183.0,78.0,25.0,,
2022-02-02,133.0,22.0,28.0,,
2022-02-03,22.0,-60.0,500.0,,
2022-02-04,39.0,-66.0,0.0,,
2022-02-05,89.0,-55.0,0.0,,
2022-02-06,139.0,-43.0,0.0,,
2022-02-07,150.0,0.0,0.0,,
2022-02-08,183.0,-32.0,0.0,,
2022-02-09,222.0,17.0,0.0,,
2022-02-10,228.0,0.0,0.0,,
2022-02-11,239.0,50.0,0.0,,
2022-02-12,128.0,-16.0,0.0,,
2022-02-13,183.0,-49.0,0.0,,
2022-02-14,206.0,6.0,0.0,,
2022-02-15,228.0,11.0,0.0,,
2022-02-16,239.0,156.0,0.0,,
2022-02-17,211.0,17.0,0.0,,
2022-02-18,133.0,-10.0,0.0,,
2022-02-19,183.0,-43.0,0.0,,
2022-02-20,217.0,11.0,0.0,,
2022-02-21,289.0,161.0,0.0,,
2022-02-22,289.0,78.0,0.0,,
2022-02-23,78.0,-21.0,3.0,,
2022-02-24,11.0,-27.0,0.0,,
2022-02-25,28.0,-16.0,0.0,,
2022-02-26,44.0,11.0,5.0,,
2022-02-27,150.0,-16.0,0.0,,
2022-02-28,183.0,-43.0,0.0,,
2022-03-01,222.0,-16.0,0.0,,
2022-03-02,233.0,22.0,0.0,,
2022-03-03,256.0,83.0,0.0,,
2022-03-04,250.0,133.0,0.0,,
2022-03-05,272.0,172.0,0.0,,
2022-03-06,272.0,189.0,0.0,,
2022-03-07,128.0,56.0,10.0,,
2022-03-08,106.0,39.0,0.0,,
2022-03-09,161.0,-10.0,0.0,,
2022-03-10,228.0,-16.0,0.0,,
2022-03-11,161.0,22.0,0.0,,
2022-03-12,133.0,-55.0,0.0,,
2022-03-13,183.0,-27.0,0.0,,
2022-03-14,272.0,78.0,20.0,,
2022-03-15,239.0,72.0,0.0,,
2022-03-16,267.0,28.0,0.0,,
2022-03-17,217.0,106.0,0.0,,
2022-03-18,222.0,56.0,0.0,,
2022-03-19,256.0,33.0,0.0,,
2022-03-20,256.0,33.0,0.0,,
2022-03-21,261.0,150.0,130.0,,
2022-03-22,189.0,67.0,33.0,,
2022-03-23,206.0,56.0,0.0,,
2022-03-24,233.0,39.0,0.0,,
2022-03-25,283.0,17.0,0.0,,
2022-03-26,311.0,94.0,0.0,,
2022-03-27,294.0,117.0,0.0,,
2022-03-28,289.0,128.0,0.0,,
2022-03-29,256.0,200.0,0.0,,
2022-03-30,256.0,122.0,71.0,,
2022-03-31,228.0,50.0,0.0,,
2022-04-01,267.0,56.0,0.0,,
2022-04-02,283.0,133.0,0.0,,
2022-04-03,289.0,83.0,0.0,,
2022-04-04,272.0,156.0,0.0,,
2022-04-05,333.0,206.0,0.0,,
2022-04-06,250.0,94.0,0.0,,
2022-04-07,239.0,50.0,0.0,,
2022-04-08,250.0,33.0,0.0,,
2022-04-09,294.0,28.0,0.0,,
2022-04-10,289.0,150.0,0.0,,
2022-04-11,278.0,200.0,0.0,,
2022-04-12,317.0,222.0,0.0,,
2022-04-13,333.0,172.0,3.0,,
2022-04-14,272.0,78.0,0.0,,
2022-04-15,272.0,106.0,0.0,,
2022-04-16,283.0,211.0,0.0,,
2022-04-17,294.0,172.0,0.0,,
2022-04-18,239.0,139.0,0.0,,
2022-04-19,217.0,128.0,0.0,,
2022-04-20,289.0,194.0,0.0,,
2022-04-21,267.0,222.0,0.0,,
2022-04-22,311.0,211.0,0.0,,
2022-04-23,300.0,206.0,0.0,,
2022-04-24,317.0,200.0,0.0,,
2022-04-25,233.0,144.0,211.0,,
2022-04-26,244.0,128.0,20.0,,
2022-04-27,256.0,133.0,0.0,,
2022-04-28,300.0,189.0,0.0,,
2022-04-29,294.0,206.0,3.0,,
2022-04-30,311.0,211.0,8.0,,
2022-05-01,306.0,189.0,0.0,,
2022-05-02,300.0,194.0,0.0,,
2022-05-03,317.0,211.0,8.0,,
2022-05-04,317.0,217.0,5.0,,
2022-05-05,294.0,161.0,173.0,,
2022-05-06,322.0,128.0,3.0,,
2022-05-07,333.0,222.0,0.0,,
2022-05-08,344.0,228.0,0.0,,
2022-05-09,344.0,233.0,0.0,,
2022-05-10,333.0,233.0,0.0,,
2022-05-11,328.0,211.0,0.0,,
2022-05-12,328.0,200.0,0.0,,
2022-05-13,317.0,194.0,0.0,,
2022-05-14,333.0,211.0,0.0,,
2022-05-15,339.0,200.0,0.0,,
2022-05-16,350.0,217.0,0.0,,
2022-05-17,350.0,217.0,0.0,,
2022-05-18,344.0,211.0,0.0,,
2022-05-19,350.0,217.0,5.0,,
2022-05-20,339.0,228.0,0.0,,
2022-05-21,361.0,200.0,64.0,,
2022-05-22,267.0,161.0,3.0,,
2022-05-23,311.0,183.0,0.0,,
2022-05-24,306.0,167.0,196.0,,
2022-05-25,267.0,144.0,66.0,,
2022-05-26,339.0,133.0,0.0,,
2022-05-27,356.0,167.0,0.0,,
2022-05-28,344.0,178.0,0.0,,
2022-05-29,344.0,222.0,0.0,,
2022-05-30,344.0,233.0,0.0,,
2022-05-31,350.0,239.0,0.0,,
2022-06-01,333.0,239.0,5.0,,
2022-06-02,311.0,206.0,15.0,,
2022-06-03,322.0,183.0,0.0,,
2022-06-04,328.0,194.0,8.0,,
2022-06-05,356.0,200.0,0.0,,
2022-06-06,378.0,244.0,0.0,,
2022-06-07,372.0,244.0,0.0,,
2022-06-08,356.0,239.0,0.0,,
2022-06-09,378.0,222.0,0.0,,
2022-06-10,389.0,239.0,0.0,,
2022-06-11,400.0,239.0,0.0,,
2022-06-12,394.0,244.0,0.0,,
2022-06-13,383.0,239.0,0.0,,
2022-06-14,372.0,250.0,0.0,,
2022-06-15,378.0,256.0,0.0,,
2022-06-16,394.0,239.0,0.0,,
2022-06-17,383.0,217.0,0.0,,
2022-06-18,383.0,228.0,0.0,,
2022-06-19,389.0,228.0,0.0,,
2022-06-20,400.0,217.0,0.0,,
2022-06-21,394.0,239.0,0.0,,
2022-06-22,383.0,222.0,0.0,,
2022-06-23,406.0,228.0,0.0,,
2022-06-24,394.0,228.0,0.0,,
2022-06-25,389.0,233.0,0.0,,
2022-06-26,394.0,228.0,0.0,,
2022-06-27,383.0,222.0,183.0,,
2022-06-28,339.0,206.0,0.0,,
2022-06-29,367.0,178.0,0.0,,
2022-06-30,378.0,222.0,0.0,,
2022-07-01,361.0,206.0,0.0,,
2022-07-02,383.0,250.0,0.0,,
2022-07-03,378.0,244.0,0.0,,
2022-07-04,378.0,239.0,0.0,,
2022-07-05,378.0,250.0,0.0,,
2022-07-06,383.0,244.0,0.0,,
2022-07-07,383.0,239.0,0.0,,0.0
2022-07-08,400.0,250.0,0.0,,0.0
2022-07-09,417.0,250.0,0.0,,
2022-07-10,428.0,244.0,0.0,,
2022-07-11,422.0,261.0,0.0,,
2022-07-12,428.0,244.0,0.0,,0.0
2022-07-13,422.0,256.0,0.0,,0.0
2022-07-14,367.0,233.0,33.0,,
2022-07-15,372.0,211.0,0.0,,
2022-07-16,372.0,233.0,0.0,,
2022-07-17,389.0,239.0,0.0,,
2022-07-18,394.0,244.0,0.0,,
2022-07-19,400.0,244.0,0.0,,
2022-07-20,394.0,250.0,0.0,,
2022-07-21,394.0,244.0,0.0,,
2022-07-22,383.0,244.0,0.0,,
2022-07-23,383.0,250.0,0.0,,
2022-07-24,383.0,244.0,0.0,,
2022-07-25,389.0,244.0,0.0,,
2022-07-26,389.0,239.0,0.0,,
2022-07-27,383.0,239.0,0.0,,
2022-07-28,383.0,250.0,0.0,,
2022-07-29,389.0,250.0,0.0,,
2022-07-30,389.0,239.0,0.0,,
2022-07-31,383.0,256.0,0.0,,
2022-08-01,378.0,233.0,0.0,,
2022-08-02,394.0,250.0,0.0,,
2022-08-03,394.0,250.0,0.0,,
2022-08-04,389.0,256.0,0.0,,
2022-08-05,394.0,244.0,0.0,,
2022-08-06,367.0,244.0,0.0,,
2022-08-07,378.0,239.0,0.0,,
2022-08-08,378.0,233.0,0.0,,
2022-08-09,383.0,233.0,0.0,,
2022-08-10,383.0,250.0,0.0,,
2022-08-11,383.0,233.0,0.0,,0.0
2022-08-12,378.0,228.0,0.0,,0.0
2022-08-13,383.0,222.0,0.0,,
2022-08-14,344.0,233.0,10.0,,
2022-08-15,378.0,211.0,0.0,,
2022-08-16,372.0,239.0,0.0,,
2022-08-17,383.0,244.0,0.0,,0.0
2022-08-18,361.0,233.0,84.0,,
2022-08-19,333.0,217.0,117.0,,
2022-08-20,367.0,239.0,0.0,,
2022-08-21,339.0,244.0,0.0,,
2022-08-22,350.0,228.0,157.0,,
2022-08-23,328.0,233.0,0.0,,
2022-08-24,339.0,228.0,0.0,,
2022-08-25,350.0,211.0,0.0,,
2022-08-26,361.0,217.0,0.0,,
2022-08-27,361.0,233.0,0.0,,
2022-08-28,367.0,239.0,0.0,,
2022-08-29,356.0,239.0,0.0,,
2022-08-30,317.0,233.0,345.0,,
2022-08-31,328.0,228.0,48.0,,
2022-09-01,339.0,228.0,221.0,,
2022-09-02,328.0,222.0,0.0,,
2022-09-03,300.0,222.0,28.0,,
2022-09-04,328.0,206.0,15.0,,
2022-09-05,333.0,183.0,0.0,,
2022-09-06,339.0,217.0,0.0,,
2022-09-07,350.0,222.0,0.0,,
2022-09-08,333.0,200.0,0.0,,
2022-09-09,333.0,189.0,0.0,,
2022-09-10,339.0,200.0,0.0,,
2022-09-11,317.0,206.0,0.0,,
2022-09-12,317.0,178.0,0.0,,
2022-09-13,333.0,172.0,0.0,,
2022-09-14,328.0,172.0,0.0,,
2022-09-15,328.0,150.0,0.0,,
2022-09-16,344.0,206.0,0.0,,
2022-09-17,361.0,233.0,0.0,,
2022-09-18,356.0,211.0,0.0,,
2022-09-19,356.0,206.0,0.0,,
2022-09-20,361.0,217.0,0.0,,0.0
2022-09-21,356.0,200.0,0.0,,0.0
2022-09-22,361.0,178.0,0.0,,
2022-09-23,367.0,183.0,0.0,,
2022-09-24,356.0,194.0,0.0,,
2022-09-25,350.0,206.0,0.0,,
2022-09-26,333.0,144.0,0.0,,
2022-09-27,328.0,100.0,0.0,,
2022-09-28,328.0,111.0,0.0,,
2022-09-29,328.0,117.0,0.0,,
2022-09-30,294.0,117.0,0.0,,
2022-10-01,306.0,72.0,0.0,,
2022-10-02,294.0,83.0,0.0,,
2022-10-03,306.0,89.0,0.0,,
2022-10-04,317.0,117.0,0.0,,
2022-10-05,317.0,106.0,0.0,,
2022-10-06,322.0,122.0,0.0,,
2022-10-07,300.0,150.0,0.0,,
2022-10-08,317.0,139.0,0.0,,
2022-10-09,306.0,144.0,0.0,,
2022-10-10,317.0,133.0,0.0,,
2022-10-11,317.0,133.0,0.0,,
2022-10-12,356.0,211.0,0.0,,
2022-10-13,322.0,139.0,0.0,,
2022-10-14,317.0,117.0,0.0,,
2022-10-15,333.0,206.0,0.0,,
2022-10-16,322.0,194.0,64.0,,
2022-10-17,228.0,122.0,345.0,,
2022-10-18,200.0,67.0,0.0,,
2022-10-19,211.0,28.0,0.0,,
2022-10-20,289.0,94.0,0.0,,0.0
2022-10-21,300.0,139.0,0.0,,0.0
2022-10-22,306.0,167.0,0.0,,
2022-10-23,306.0,178.0,0.0,,
2022-10-24,289.0,150.0,173.0,,
2022-10-25,228.0,78.0,0.0,,0.0
2022-10-26,239.0,50.0,0.0,,
2022-10-27,261.0,67.0,0.0,,
2022-10-28,189.0,139.0,150.0,,
2022-10-29,206.0,117.0,0.0,,
2022-10-30,244.0,89.0,0.0,,
2022-10-31,256.0,94.0,5.0,,
2022-11-01,217.0,111.0,0.0,,
2022-11-02,250.0,133.0,0.0,,
2022-11-03,289.0,200.0,0.0,,
2022-11-04,289.0,144.0,69.0,,
2022-11-05,211.0,89.0,3.0,,
2022-11-06,283.0,94.0,0.0,,
2022-11-07,294.0,200.0,33.0,,
2022-11-08,256.0,150.0,0.0,,
2022-11-09,267.0,178.0,0.0,,
2022-11-10,272.0,161.0,0.0,,
2022-11-11,228.0,56.0,229.0,,
2022-11-12,128.0,11.0,0.0,,
2022-11-13,139.0,-16.0,0.0,,
2022-11-14,106.0,78.0,20.0,,
2022-11-15,100.0,44.0,0.0,,
2022-11-16,122.0,33.0,0.0,,
2022-11-17,156.0,50.0,0.0,,
2022-11-18,133.0,83.0,0.0,,
2022-11-19,78.0,28.0,69.0,,
2022-11-20,78.0,6.0,3.0,,
2022-11-21,67.0,50.0,36.0,,
2022-11-22,133.0,61.0,0.0,,
2022-11-23,183.0,117.0,23.0,,
2022-11-24,189.0,150.0,170.0,,
2022-11-25,161.0,128.0,18.0,,
2022-11-26,156.0,67.0,302.0,,
2022-11-27,194.0,39.0,0.0,,
2022-11-28,239.0,22.0,0.0,,
2022-11-29,283.0,128.0,0.0,,0.0
2022-11-30,161.0,33.0,0.0,,0.0
2022-12-01,122.0,6.0,0.0,,
2022-12-02,194.0,100.0,15.0,,
2022-12-03,194.0,122.0,0.0,,
2022-12-04,144.0,111.0,0.0,,
2022-12-05,256.0,133.0,0.0,,
2022-12-06,256.0,189.0,0.0,,
2022-12-07,272.0,194.0,0.0,,
2022-12-08,272.0,194.0,0.0,,
2022-12-09,272.0,183.0,0.0,,
2022-12-10,256.0,183.0,3.0,,
2022-12-11,189.0,144.0,3.0,,
2022-12-12,211.0,144.0,0.0,,
2022-12-13,250.0,156.0,0.0,,
2022-12-14,194.0,28.0,8.0,,
2022-12-15,172.0,-10.0,0.0,,
2022-12-16,106.0,11.0,0.0,,
2022-12-17,133.0,-10.0,0.0,,
2022-12-18,139.0,-49.0,0.0,,
2022-12-19,100.0,50.0,239.0,,
2022-12-20,106.0,28.0,0.0,,
2022-12-21,83.0,-5.0,0.0,,
2022-12-22,106.0,-93.0,0.0,,
2022-12-23,-10.0,-105.0,0.0,,
2022-12-24,33.0,-93.0,0.0,,
2022-12-25,111.0,-88.0,0.0,,
2022-12-26,172.0,-38.0,0.0,,
2022-12-27,122.0,-49.0,0.0,,
2022-12-28,244.0,28.0,0.0,,
2022-12-29,239.0,139.0,8.0,,
2022-12-30,183.0,67.0,0.0,,
2022-12-31,256.0,22.0,,,
2023-01-01,250.0,106.0,0.0,,
2023-01-02,283.0,194.0,5.0,,
2023-01-03,228.0,67.0,28.0,,
2023-01-04,222.0,44.0,0.0,,
2023-01-05,183.0,11.0,0.0,,
2023-01-06,244.0,22.0,0.0,,
2023-01-07,233.0,139.0,0.0,,
2023-01-08,194.0,39.0,0.0,,
2023-01-09,222.0,22.0,0.0,,
2023-01-10,283.0,128.0,0.0,,
2023-01-11,250.0,144.0,0.0,,
2023-01-12,200.0,61.0,0.0,,
2023-01-13,161.0,-5.0,0.0,,
2023-01-14,183.0,-32.0,0.0,,
2023-01-15,239.0,33.0,0.0,,
2023-01-16,239.0,128.0,0.0,,
2023-01-17,267.0,61.0,0.0,,
2023-01-18,244.0,78.0,0.0,,
2023-01-19,189.0,17.0,0.0,,
2023-01-20,139.0,44.0,0.0,,
2023-01-21,150.0,22.0,0.0,,
2023-01-22,161.0,-10.0,0.0,,
2023-01-23,150.0,-49.0,0.0,,
2023-01-24,106.0,44.0,213.0,,
2023-01-25,128.0,0.0,0.0,,
2023-01-26,133.0,-27.0,0.0,,
2023-01-27,139.0,-27.0,0.0,,
2023-01-28,156.0,78.0,25.0,,
2023-01-29,222.0,28.0,33.0,,
2023-01-30,28.0,-16.0,3.0,,
2023-01-31,0.0,-21.0,0.0,,
2023-02-01,0.0,-16.0,257.0,,
2023-02-02,39.0,0.0,89.0,,
2023-02-03,94.0,-10.0,0.0,,
2023-02-04,178.0,-21.0,0.0,,
2023-02-05,228.0,17.0,0.0,,
2023-02-06,244.0,117.0,0.0,,
2023-02-07,217.0,106.0,117.0,,
2023-02-08,139.0,39.0,20.0,,
2023-02-09,239.0,56.0,0.0,,
2023-02-10,128.0,6.0,0.0,,
2023-02-11,139.0,-5.0,0.0,,
2023-02-12,189.0,-27.0,0.0,,
2023-02-13,211.0,28.0,0.0,,
2023-02-14,267.0,89.0,5.0,,
2023-02-15,272.0,56.0,0.0,,
2023-02-16,217.0,28.0,20.0,,
2023-02-17,111.0,-16.0,0.0,,
2023-02-18,144.0,-43.0,0.0,,
2023-02-19,244.0,78.0,0.0,,
2023-02-20,289.0,117.0,0.0,,
2023-02-21,278.0,161.0,0.0,,
2023-02-22,317.0,172.0,0.0,,
2023-02-23,239.0,128.0,0.0,,
2023-02-24,128.0,94.0,0.0,,
2023-02-25,167.0,67.0,0.0,,
2023-02-26,272.0,106.0,0.0,,
2023-02-27,278.0,83.0,0.0,,
2023-02-28,289.0,67.0,0.0,,
2023-03-01,278.0,206.0,0.0,,
2023-03-02,272.0,139.0,201.0,,
2023-03-03,211.0,78.0,0.0,,
2023-03-04,256.0,39.0,0.0,,
2023-03-05,261.0,111.0,0.0,,
2023-03-06,272.0,133.0,0.0,,
2023-03-07,267.0,178.0,0.0,,
2023-03-08,267.0,144.0,0.0,,
2023-03-09,283.0,133.0,0.0,,
2023-03-10,211.0,128.0,0.0,,
2023-03-11,306.0,144.0,0.0,,
2023-03-12,222.0,133.0,0.0,,
2023-03-13,194.0,89.0,0.0,,
2023-03-14,189.0,78.0,0.0,,
2023-03-15,233.0,67.0,0.0,,
2023-03-16,267.0,117.0,8.0,,
2023-03-17,139.0,44.0,8.0,,
2023-03-18,122.0,28.0,0.0,,
2023-03-19,150.0,6.0,0.0,,
2023-03-20,133.0,17.0,3.0,,
2023-03-21,200.0,100.0,46.0,,
2023-03-22,267.0,200.0,0.0,,
2023-03-23,283.0,211.0,0.0,,
2023-03-24,294.0,111.0,13.0,,
2023-03-25,267.0,72.0,0.0,,
2023-03-26,261.0,67.0,0.0,,
2023-03-27,256.0,117.0,0.0,,
2023-03-28,206.0,128.0,0.0,,
2023-03-29,222.0,111.0,0.0,,
2023-03-30,244.0,156.0,10.0,,
2023-03-31,311.0,111.0,0.0,,
2023-04-01,261.0,50.0,0.0,,
2023-04-02,283.0,128.0,0.0,,
2023-04-03,328.0,211.0,0.0,,
2023-04-04,300.0,222.0,0.0,,
2023-04-05,244.0,139.0,23.0,,
2023-04-06,144.0,83.0,320.0,,
2023-04-07,122.0,94.0,183.0,,
2023-04-08,161.0,117.0,0.0,,
2023-04-09,217.0,94.0,0.0,,
2023-04-10,222.0,111.0,0.0,,
2023-04-11,233.0,78.0,0.0,,
2023-04-12,250.0,78.0,0.0,,
2023-04-13,256.0,94.0,0.0,,
2023-04-14,250.0,122.0,0.0,,
2023-04-15,322.0,161.0,0.0,,
2023-04-16,222.0,83.0,0.0,,
2023-04-17,256.0,61.0,0.0,,
2023-04-18,261.0,144.0,0.0,,
2023-04-19,272.0,200.0,0.0,,
2023-04-20,294.0,178.0,478.0,,
2023-04-21,250.0,150.0,0.0,,
2023-04-22,250.0,94.0,0.0,,
2023-04-23,183.0,100.0,5.0,,
2023-04-24,206.0,106.0,0.0,,
2023-04-25,233.0,156.0,25.0,,
2023-04-26,283.0,172.0,376.0,,
2023-04-27,256.0,133.0,18.0,,
2023-04-28,283.0,122.0,178.0,,
2023-04-29,228.0,100.0,0.0,,
2023-04-30,306.0,83.0,0.0,,
2023-05-01,272.0,106.0,0.0,,
2023-05-02,261.0,144.0,0.0,,
2023-05-03,289.0,144.0,0.0,,
2023-05-04,283.0,172.0,0.0,,
2023-05-05,328.0,194.0,69.0,,
2023-05-06,317.0,183.0,0.0,,
2023-05-07,294.0,211.0,0.0,,
2023-05-08,322.0,206.0,0.0,,
2023-05-09,244.0,200.0,46.0,,
2023-05-10,261.0,189.0,267.0,,
2023-05-11,311.0,217.0,0.0,,
2023-05-12,306.0,233.0,0.0,,
2023-05-13,239.0,183.0,269.0,,
2023-05-14,283.0,194.0,10.0,,
2023-05-15,294.0,178.0,0.0,,
2023-05-16,283.0,189.0,3.0,,
2023-05-17,306.0,161.0,0.0,,
2023-05-18,317.0,161.0,0.0,,
2023-05-19,322.0,200.0,89.0,,
2023-05-20,272.0,183.0,3.0,,
2023-05-21,256.0,172.0,0.0,,
2023-05-22,289.0,156.0,0.0,,
2023-05-23,317.0,178.0,0.0,,
2023-05-24,289.0,178.0,152.0,,
2023-05-25,294.0,172.0,0.0,,
2023-05-26,306.0,167.0,0.0,,
2023-05-27,300.0,161.0,0.0,,
2023-05-28,300.0,189.0,0.0,,
2023-05-29,306.0,194.0,0.0,,
2023-05-30,317.0,167.0,0.0,,
2023-05-31,322.0,178.0,0.0,,
2023-06-01,317.0,189.0,0.0,,
2023-06-02,322.0,189.0,0.0,,
2023-06-03,328.0,189.0,0.0,,
2023-06-04,272.0,183.0,0.0,,
2023-06-05,306.0,194.0,61.0,,
2023-06-06,317.0,167.0,0.0,,
2023-06-07,322.0,183.0,0.0,,
2023-06-08,322.0,194.0,89.0,,
2023-06-09,356.0,183.0,0.0,,
2023-06-10,350.0,211.0,5.0,,
2023-06-11,356.0,200.0,0.0,,
2023-06-12,350.0,239.0,0.0,,
2023-06-13,339.0,244.0,0.0,,
2023-06-14,339.0,261.0,0.0,,
2023-06-15,361.0,261.0,0.0,,
2023-06-16,367.0,267.0,0.0,,
2023-06-17,344.0,250.0,0.0,,
2023-06-18,383.0,256.0,0.0,,
2023-06-19,383.0,256.0,0.0,,
2023-06-20,389.0,256.0,0.0,,
2023-06-21,383.0,228.0,140.0,,
2023-06-22,344.0,228.0,15.0,,
2023-06-23,361.0,233.0,0.0,,
2023-06-24,367.0,250.0,0.0,,
2023-06-25,367.0,261.0,0.0,,
2023-06-26,378.0,244.0,0.0,,
2023-06-27,383.0,239.0,0.0,,
2023-06-28,378.0,239.0,0.0,,
2023-06-29,367.0,256.0,0.0,,
2023-06-30,367.0,239.0,,,
2023-07-01,372.0,239.0,0.0,,
2023-07-02,356.0,239.0,0.0,,
2023-07-03,361.0,250.0,0.0,,
2023-07-04,356.0,244.0,0.0,,
2023-07-05,361.0,250.0,0.0,,
2023-07-06,339.0,239.0,23.0,,
2023-07-07,344.0,222.0,0.0,,
2023-07-08,378.0,239.0,0.0,,
2023-07-09,383.0,250.0,0.0,,
2023-07-10,389.0,256.0,0.0,,
2023-07-11,378.0,256.0,0.0,,
2023-07-12,400.0,261.0,0.0,,
2023-07-13,400.0,261.0,0.0,,
2023-07-14,394.0,256.0,0.0,,
2023-07-15,400.0,261.0,0.0,,
2023-07-16,394.0,250.0,0.0,,
2023-07-17,400.0,244.0,0.0,,
2023-07-18,400.0,250.0,0.0,,
2023-07-19,394.0,250.0,0.0,,
2023-07-20,394.0,256.0,0.0,,
2023-07-21,383.0,244.0,0.0,,
2023-07-22,389.0,239.0,0.0,,
2023-07-23,389.0,256.0,0.0,,
2023-07-24,389.0,217.0,0.0,,
2023-07-25,383.0,239.0,0.0,,
2023-07-26,383.0,250.0,0.0,,
2023-07-27,378.0,239.0,0.0,,
2023-07-28,378.0,239.0,0.0,,
2023-07-29,383.0,233.0,0.0,,
2023-07-30,389.0,233.0,0.0,,
2023-07-31,400.0,250.0,0.0,,
2023-08-01,400.0,256.0,0.0,,
2023-08-02,400.0,244.0,0.0,,
2023-08-03,389.0,244.0,0.0,,
2023-08-04,400.0,256.0,0.0,,
2023-08-05,400.0,256.0,0.0,,
2023-08-06,400.0,256.0,0.0,,
2023-08-07,406.0,261.0,0.0,,
2023-08-08,406.0,261.0,0.0,,
2023-08-09,411.0,256.0,0.0,,
2023-08-10,411.0,261.0,0.0,,
2023-08-11,411.0,267.0,0.0,,
2023-08-12,406.0,267.0,0.0,,
2023-08-13,406.0,261.0,0.0,,
2023-08-14,406.0,250.0,0.0,,
2023-08-15,378.0,256.0,0.0,,
2023-08-16,383.0,194.0,0.0,,
2023-08-17,417.0,233.0,0.0,,
2023-08-18,406.0,244.0,0.0,,
2023-08-19,406.0,244.0,0.0,,
2023-08-20,417.0,250.0,0.0,,
2023-08-21,400.0,256.0,0.0,,
2023-08-22,378.0,244.0,0.0,,
2023-08-23,394.0,228.0,0.0,,
2023-08-24,406.0,239.0,0.0,,
2023-08-25,417.0,267.0,0.0,,
2023-08-26,406.0,244.0,0.0,,
2023-08-27,422.0,239.0,0.0,,
2023-08-28,372.0,222.0,0.0,,
2023-08-29,367.0,228.0,0.0,,
2023-08-30,378.0,183.0,0.0,,
2023-08-31,383.0,189.0,0.0,,
2023-09-01,372.0,200.0,0.0,,
2023-09-02,383.0,200.0,0.0,,
2023-09-03,383.0,239.0,0.0,,
2023-09-04,383.0,256.0,0.0,,
2023-09-05,400.0,267.0,0.0,,
2023-09-06,389.0,256.0,0.0,,
2023-09-07,406.0,256.0,0.0,,
2023-09-08,417.0,256.0,0.0,,
2023-09-09,394.0,256.0,0.0,,
2023-09-10,367.0,256.0,0.0,,
2023-09-11,356.0,217.0,0.0,,
2023-09-12,339.0,250.0,0.0,,
2023-09-13,294.0,228.0,28.0,,
2023-09-14,322.0,211.0,246.0,,
2023-09-15,289.0,222.0,122.0,,
2023-09-16,294.0,200.0,259.0,,
2023-09-17,333.0,194.0,0.0,,
2023-09-18,344.0,172.0,0.0,,
2023-09-19,356.0,211.0,0.0,,
2023-09-20,361.0,211.0,0.0,,
2023-09-21,356.0,228.0,0.0,,
2023-09-22,367.0,222.0,0.0,,
2023-09-23,367.0,256.0,0.0,,
2023-09-24,383.0,256.0,3.0,,
2023-09-25,344.0,250.0,0.0,,
2023-09-26,350.0,206.0,0.0,,
2023-09-27,356.0,194.0,0.0,,
2023-09-28,356.0,194.0,0.0,,
2023-09-29,350.0,194.0,0.0,,
2023-09-30,350.0,194.0,0.0,,
2023-10-01,344.0,172.0,0.0,,
2023-10-02,344.0,172.0,0.0,,
2023-10-03,350.0,172.0,0.0,,
2023-10-04,367.0,239.0,0.0,,
2023-10-05,272.0,200.0,318.0,,
2023-10-06,294.0,189.0,0.0,,
2023-10-07,233.0,133.0,0.0,,
2023-10-08,267.0,83.0,0.0,,
2023-10-09,289.0,100.0,0.0,,
2023-10-10,272.0,161.0,0.0,,
2023-10-11,217.0,183.0,0.0,,
2023-10-12,289.0,161.0,0.0,,
2023-10-13,322.0,167.0,0.0,,
2023-10-14,244.0,89.0,0.0,,
2023-10-15,228.0,83.0,0.0,,
2023-10-16,222.0,56.0,0.0,,
2023-10-17,250.0,17.0,0.0,,
2023-10-18,283.0,89.0,0.0,,
2023-10-19,306.0,106.0,0.0,,
2023-10-20,361.0,94.0,0.0,,
2023-10-21,339.0,94.0,0.0,,
2023-10-22,317.0,183.0,0.0,,
2023-10-23,300.0,211.0,208.0,,
2023-10-24,267.0,217.0,56.0,,
2023-10-25,294.0,228.0,0.0,,
2023-10-26,272.0,200.0,836.0,,
2023-10-27,317.0,233.0,38.0,,
2023-10-28,311.0,233.0,51.0,,
2023-10-29,244.0,61.0,46.0,,
2023-10-30,94.0,39.0,89.0,,
2023-10-31,150.0,28.0,0.0,,
2023-11-01,144.0,6.0,0.0,,
2023-11-02,194.0,-10.0,0.0,,
2023-11-03,244.0,50.0,0.0,,
2023-11-04,261.0,106.0,0.0,,
2023-11-05,261.0,111.0,0.0,,
2023-11-06,272.0,172.0,0.0,,
2023-11-07,289.0,178.0,0.0,,
2023-11-08,272.0,206.0,0.0,,
2023-11-09,244.0,122.0,132.0,,
2023-11-10,133.0,117.0,51.0,,
2023-11-11,161.0,117.0,3.0,,
2023-11-12,172.0,128.0,20.0,,
2023-11-13,194.0,122.0,10.0,,
2023-11-14,211.0,100.0,0.0,,
2023-11-15,228.0,78.0,0.0,,
2023-11-16,178.0,72.0,0.0,,
2023-11-17,261.0,128.0,0.0,,
2023-11-18,206.0,100.0,0.0,,
2023-11-19,189.0,100.0,3.0,,
2023-11-20,278.0,150.0,0.0,,
2023-11-21,150.0,72.0,0.0,,
2023-11-22,178.0,22.0,0.0,,
2023-11-23,150.0,17.0,0.0,,
2023-11-24,183.0,17.0,0.0,,
2023-11-25,167.0,28.0,5.0,,
2023-11-26,128.0,33.0,0.0,,
2023-11-27,128.0,0.0,0.0,,
2023-11-28,167.0,50.0,0.0,,
2023-11-29,178.0,17.0,0.0,,
2023-11-30,233.0,133.0,18.0,,
2023-12-01,194.0,83.0,0.0,,
2023-12-02,200.0,56.0,0.0,,
2023-12-03,239.0,28.0,0.0,,
2023-12-04,194.0,22.0,0.0,,
2023-12-05,222.0,0.0,0.0,,
2023-12-06,206.0,6.0,0.0,,
2023-12-07,228.0,44.0,0.0,,
2023-12-08,233.0,161.0,0.0,,
2023-12-09,228.0,100.0,0.0,,
2023-12-10,144.0,-16.0,0.0,,
2023-12-11,189.0,-43.0,0.0,,
2023-12-12,211.0,-5.0,0.0,,
2023-12-13,133.0,94.0,18.0,,
2023-12-14,217.0,83.0,0.0,,
2023-12-15,167.0,117.0,18.0,,
2023-12-16,178.0,11.0,0.0,,
2023-12-17,217.0,-21.0,0.0,,
2023-12-18,200.0,17.0,0.0,,
2023-12-19,206.0,-16.0,0.0,,0.0
2023-12-20,222.0,72.0,0.0,,
2023-12-21,178.0,150.0,25.0,,
2023-12-22,217.0,144.0,79.0,,
2023-12-23,211.0,150.0,28.0,,
2023-12-24,228.0,106.0,371.0,,
2023-12-25,133.0,17.0,0.0,,
2023-12-26,150.0,-16.0,0.0,,
2023-12-27,167.0,-10.0,0.0,,
2023-12-28,156.0,6.0,0.0,,
2023-12-29,156.0,-10.0,0.0,,
2023-12-30,200.0,-27.0,0.0,,
2023-12-31,228.0,50.0,0.0,,
2024-01-01,133.0,17.0,0.0,,
2024-01-02,139.0,6.0,241.0,,
2024-01-03,100.0,22.0,0.0,,
2024-01-04,150.0,0.0,10.0,,
2024-01-05,183.0,44.0,13.0,,
2024-01-06,156.0,11.0,0.0,,
2024-01-07,178.0,-10.0,0.0,,
2024-01-08,222.0,89.0,10.0,,
2024-01-09,139.0,-10.0,0.0,,
2024-01-10,194.0,-5.0,0.0,,
2024-01-11,217.0,56.0,0.0,,
2024-01-12,200.0,-16.0,0.0,,
2024-01-13,172.0,-27.0,0.0,,
2024-01-14,-5.0,-82.0,0.0,,
2024-01-15,-49.0,-82.0,0.0,,
2024-01-16,0.0,-99.0,0.0,,
2024-01-17,83.0,-116.0,0.0,,
2024-01-18,250.0,22.0,0.0,,
2024-01-19,83.0,-21.0,0.0,,
2024-01-20,50.0,-49.0,0.0,,
2024-01-21,50.0,28.0,0.0,,
2024-01-22,122.0,33.0,660.0,,
2024-01-23,133.0,100.0,46.0,,
2024-01-24,122.0,106.0,259.0,,
2024-01-25,133.0,94.0,13.0,,
2024-01-26,122.0,89.0,0.0,,
2024-01-27,156.0,39.0,0.0,,
2024-01-28,178.0,6.0,0.0,,
2024-01-29,222.0,17.0,0.0,,
2024-01-30,233.0,39.0,0.0,,
2024-01-31,239.0,28.0,0.0,,
2024-02-01,228.0,56.0,0.0,,
2024-02-02,194.0,133.0,33.0,,
2024-02-03,222.0,72.0,13.0,,
2024-02-04,194.0,83.0,3.0,,
2024-02-05,178.0,56.0,0.0,,
2024-02-06,206.0,17.0,0.0,,
2024-02-07,211.0,67.0,0.0,,
2024-02-08,222.0,139.0,0.0,,
2024-02-09,233.0,167.0,0.0,,
2024-02-10,183.0,139.0,262.0,,
2024-02-11,144.0,72.0,28.0,,
2024-02-12,156.0,33.0,0.0,,
2024-02-13,194.0,0.0,0.0,,
2024-02-14,206.0,22.0,0.0,,
2024-02-15,206.0,133.0,0.0,,
2024-02-16,239.0,106.0,0.0,,
2024-02-17,100.0,22.0,0.0,,
2024-02-18,122.0,-10.0,0.0,,
2024-02-19,194.0,0.0,0.0,,
2024-02-20,261.0,72.0,0.0,,
2024-02-21,250.0,150.0,0.0,,
2024-02-22,306.0,161.0,0.0,,
2024-02-23,233.0,78.0,0.0,,
2024-02-24,261.0,39.0,0.0,,
2024-02-25,283.0,111.0,0.0,,
2024-02-26,283.0,167.0,0.0,,
2024-02-27,267.0,194.0,0.0,,
2024-02-28,211.0,78.0,0.0,,
2024-02-29,94.0,61.0,0.0,,
2024-03-01,194.0,56.0,0.0,,
2024-03-02,267.0,83.0,0.0,,
2024-03-03,272.0,156.0,0.0,,
2024-03-04,289.0,189.0,0.0,,
2024-03-05,317.0,133.0,0.0,,
2024-03-06,283.0,94.0,0.0,,
2024-03-07,233.0,178.0,0.0,,
2024-03-08,278.0,100.0,107.0,,
2024-03-09,167.0,67.0,0.0,,
2024-03-10,194.0,28.0,0.0,,
2024-03-11,233.0,106.0,0.0,,
2024-03-12,250.0,122.0,0.0,,
2024-03-13,278.0,183.0,0.0,,
2024-03-14,261.0,206.0,0.0,,
2024-03-15,217.0,167.0,25.0,,
2024-03-16,222.0,161.0,13.0,,
2024-03-17,189.0,144.0,97.0,,
2024-03-18,183.0,72.0,0.0,,
2024-03-19,189.0,44.0,0.0,,
2024-03-20,194.0,78.0,0.0,,
2024-03-21,172.0,122.0,56.0,,
2024-03-22,239.0,78.0,3.0,,
2024-03-23,217.0,78.0,0.0,,
2024-03-24,228.0,128.0,0.0,,
2024-03-25,244.0,117.0,51.0,,
2024-03-26,183.0,61.0,0.0,,
2024-03-27,194.0,61.0,5.0,,
2024-03-28,244.0,44.0,0.0,,
2024-03-29,256.0,122.0,0.0,,
2024-03-30,250.0,144.0,0.0,,
2024-03-31,256.0,178.0,0.0,,
2024-04-01,278.0,194.0,48.0,,
2024-04-02,222.0,106.0,13.0,,
2024-04-03,272.0,39.0,0.0,,
2024-04-04,289.0,56.0,0.0,,
2024-04-05,294.0,106.0,0.0,,
2024-04-06,250.0,150.0,0.0,,
2024-04-07,261.0,144.0,15.0,,
2024-04-08,272.0,139.0,46.0,,
2024-04-09,250.0,172.0,378.0,,
2024-04-10,211.0,111.0,43.0,,
2024-04-11,267.0,106.0,0.0,,
2024-04-12,267.0,78.0,0.0,,
2024-04-13,272.0,144.0,0.0,,
2024-04-14,278.0,172.0,0.0,,
2024-04-15,283.0,206.0,0.0,,
2024-04-16,267.0,206.0,3.0,,
2024-04-17,278.0,217.0,0.0,,
2024-04-18,306.0,211.0,0.0,,
2024-04-19,233.0,167.0,0.0,,
2024-04-20,194.0,111.0,201.0,,
2024-04-21,200.0,94.0,0.0,,
2024-04-22,222.0,67.0,0.0,,
2024-04-23,233.0,111.0,0.0,,
2024-04-24,283.0,200.0,0.0,,
2024-04-25,278.0,194.0,0.0,,
2024-04-26,283.0,228.0,0.0,,
2024-04-27,289.0,228.0,0.0,,
2024-04-28,256.0,178.0,163.0,,
2024-04-29,306.0,189.0,3.0,,
2024-04-30,294.0,194.0,0.0,,
2024-05-01,278.0,194.0,241.0,,
2024-05-02,267.0,194.0,28.0,,
2024-05-03,244.0,211.0,3.0,,
2024-05-04,261.0,206.0,10.0,,
2024-05-05,272.0,167.0,333.0,,
2024-05-06,300.0,222.0,3.0,,
2024-05-07,311.0,228.0,0.0,,
2024-05-08,317.0,239.0,0.0,,
2024-05-09,328.0,211.0,175.0,,
2024-05-10,283.0,189.0,0.0,,
2024-05-11,278.0,178.0,0.0,,
2024-05-12,211.0,189.0,3.0,,
2024-05-13,256.0,183.0,25.0,,
2024-05-14,317.0,128.0,0.0,,
2024-05-15,339.0,150.0,18.0,,
2024-05-16,267.0,178.0,498.0,,
2024-05-17,261.0,150.0,0.0,,
2024-05-18,,,0.0,,
2024-05-19,,,0.0,,
2024-05-20,,,0.0,,
2024-05-21,,,0.0,,
2024-05-22,339.0,228.0,0.0,,
2024-05-23,333.0,239.0,0.0,,
2024-05-24,350.0,239.0,0.0,,
2024-05-25,361.0,239.0,0.0,,
2024-05-26,344.0,250.0,0.0,,
2024-05-27,361.0,256.0,0.0,,
2024-05-28,306.0,211.0,165.0,,
2024-05-29,322.0,200.0,3.0,,
2024-05-30,339.0,222.0,130.0,,
2024-05-31,300.0,178.0,305.0,,
2024-06-01,333.0,206.0,0.0,,
2024-06-02,344.0,244.0,0.0,,
2024-06-03,344.0,256.0,0.0,,
2024-06-04,350.0,267.0,0.0,,
2024-06-05,317.0,206.0,15.0,,
2024-06-06,356.0,189.0,0.0,,
2024-06-07,344.0,189.0,0.0,,
2024-06-08,344.0,217.0,0.0,,
2024-06-09,344.0,222.0,0.0,,
2024-06-10,344.0,222.0,0.0,,
2024-06-11,339.0,206.0,102.0,,
2024-06-12,300.0,228.0,190.0,,
2024-06-13,339.0,217.0,0.0,,
2024-06-14,344.0,228.0,0.0,,
2024-06-15,339.0,217.0,0.0,,
2024-06-16,344.0,228.0,0.0,,
2024-06-17,339.0,244.0,25.0,,
2024-06-18,339.0,222.0,0.0,,
2024-06-19,278.0,217.0,262.0,,
2024-06-20,328.0,233.0,18.0,,
2024-06-21,333.0,217.0,0.0,,
2024-06-22,339.0,217.0,0.0,,
2024-06-23,344.0,211.0,0.0,,
2024-06-24,344.0,244.0,0.0,,
2024-06-25,356.0,256.0,0.0,,
2024-06-26,350.0,256.0,0.0,,
2024-06-27,361.0,250.0,0.0,,
2024-06-28,356.0,256.0,0.0,,
2024-06-29,361.0,261.0,0.0,,
2024-06-30,356.0,250.0,0.0,,
2024-07-01,367.0,233.0,0.0,,
2024-07-02,367.0,233.0,0.0,,
2024-07-03,361.0,239.0,0.0,,
2024-07-04,361.0,261.0,0.0,,
2024-07-05,361.0,239.0,0.0,,
2024-07-06,361.0,217.0,135.0,,
2024-07-07,344.0,228.0,3.0,,
2024-07-08,317.0,217.0,0.0,,
2024-07-09,356.0,206.0,0.0,,
2024-07-10,367.0,217.0,0.0,,
2024-07-11,361.0,206.0,3.0,,
2024-07-12,322.0,222.0,0.0,,
2024-07-13,328.0,217.0,0.0,,
2024-07-14,339.0,228.0,0.0,,
2024-07-15,361.0,222.0,0.0,,
2024-07-16,367.0,233.0,0.0,,
2024-07-17,356.0,244.0,0.0,,
2024-07-18,350.0,233.0,132.0,,
2024-07-19,344.0,222.0,5.0,,
2024-07-20,350.0,211.0,0.0,,
2024-07-21,344.0,233.0,8.0,,
2024-07-22,328.0,217.0,38.0,,
2024-07-23,267.0,222.0,53.0,,
2024-07-24,333.0,217.0,3.0,,
2024-07-25,311.0,217.0,3.0,,
2024-07-26,317.0,206.0,0.0,,
2024-07-27,306.0,211.0,0.0,,
2024-07-28,333.0,233.0,13.0,,
2024-07-29,356.0,250.0,0.0,,
2024-07-30,356.0,250.0,0.0,,
2024-07-31,356.0,250.0,0.0,,
2024-08-01,356.0,239.0,0.0,,
2024-08-02,367.0,244.0,0.0,,
2024-08-03,378.0,233.0,0.0,,
2024-08-04,367.0,233.0,3.0,,
2024-08-05,361.0,211.0,0.0,,
2024-08-06,372.0,217.0,0.0,,
2024-08-07,389.0,222.0,0.0,,
2024-08-08,383.0,222.0,0.0,,
2024-08-09,378.0,222.0,10.0,,
2024-08-10,367.0,228.0,0.0,,
2024-08-11,367.0,233.0,0.0,,
2024-08-12,372.0,239.0,0.0,,
2024-08-13,372.0,244.0,0.0,,
2024-08-14,372.0,244.0,0.0,,
2024-08-15,378.0,244.0,0.0,,
2024-08-16,378.0,256.0,0.0,,
2024-08-17,378.0,244.0,0.0,,
2024-08-18,383.0,250.0,0.0,,
2024-08-19,389.0,228.0,0.0,,
2024-08-20,400.0,228.0,0.0,,
2024-08-21,411.0,244.0,0.0,,
2024-08-22,406.0,250.0,0.0,,
2024-08-23,378.0,256.0,0.0,,
2024-08-24,367.0,239.0,0.0,,
2024-08-25,367.0,211.0,0.0,,
2024-08-26,339.0,206.0,48.0,,
2024-08-27,333.0,228.0,0.0,,
2024-08-28,350.0,222.0,89.0,,
2024-08-29,350.0,211.0,0.0,,
2024-08-30,344.0,222.0,0.0,,
2024-08-31,339.0,222.0,0.0,,
2024-09-01,344.0,222.0,0.0,,
2024-09-02,333.0,250.0,64.0,,
2024-09-03,322.0,233.0,5.0,,
2024-09-04,322.0,228.0,0.0,,
2024-09-05,322.0,228.0,5.0,,
2024-09-06,333.0,228.0,0.0,,
2024-09-07,328.0,172.0,0.0,,
2024-09-08,306.0,128.0,0.0,,
2024-09-09,317.0,94.0,0.0,,
2024-09-10,333.0,144.0,0.0,,
2024-09-11,328.0,228.0,0.0,,
2024-09-12,333.0,194.0,0.0,,
2024-09-13,361.0,178.0,0.0,,
2024-09-14,367.0,239.0,0.0,,
2024-09-15,367.0,239.0,0.0,,
2024-09-16,356.0,200.0,0.0,,
2024-09-17,356.0,217.0,0.0,,
2024-09-18,367.0,233.0,0.0,,
2024-09-19,367.0,244.0,0.0,,
2024-09-20,372.0,239.0,0.0,,
2024-09-21,367.0,239.0,0.0,,
2024-09-22,356.0,217.0,0.0,,
2024-09-23,333.0,239.0,0.0,,
2024-09-24,350.0,206.0,0.0,,
2024-09-25,317.0,183.0,0.0,,
2024-09-26,317.0,150.0,0.0,,
2024-09-27,333.0,133.0,0.0,,
2024-09-28,339.0,133.0,0.0,,
2024-09-29,339.0,128.0,0.0,,
2024-09-30,350.0,144.0,0.0,,
2024-10-01,356.0,150.0,0.0,,
2024-10-02,339.0,167.0,0.0,,
2024-10-03,350.0,167.0,0.0,,
2024-10-04,344.0,144.0,0.0,,
2024-10-05,344.0,178.0,0.0,,
2024-10-06,339.0,161.0,0.0,,
2024-10-07,344.0,156.0,0.0,,
2024-10-08,328.0,161.0,0.0,,
2024-10-09,333.0,111.0,0.0,,
2024-10-10,344.0,128.0,0.0,,
2024-10-11,339.0,128.0,0.0,,
2024-10-12,350.0,167.0,0.0,,
2024-10-13,378.0,200.0,0.0,,
2024-10-14,344.0,139.0,0.0,,
2024-10-15,367.0,122.0,0.0,,
2024-10-16,250.0,94.0,0.0,,
2024-10-17,250.0,78.0,0.0,,
2024-10-18,294.0,78.0,0.0,,
2024-10-19,294.0,139.0,0.0,,
2024-10-20,300.0,106.0,0.0,,
2024-10-21,306.0,78.0,0.0,,
2024-10-22,317.0,167.0,0.0,,
2024-10-23,322.0,172.0,0.0,,
2024-10-24,317.0,206.0,,,
2024-10-25,322.0,183.0,,,
2024-10-26,333.0,167.0,,,
2024-10-27,333.0,194.0,,,
2024-10-28,322.0,183.0,,,
2024-10-29,322.0,228.0,,,
2024-10-30,333.0,228.0,,,
2024-10-31,289.0,189.0,,,
2024-11-01,256.0,183.0,,,
2024-11-02,283.0,206.0,48.0,,
2024-11-03,317.0,228.0,3.0,,
2024-11-04,306.0,156.0,363.0,,
2024-11-05,222.0,89.0,48.0,,
2024-11-06,267.0,56.0,,,
2024-11-07,311.0,194.0,,,
2024-11-08,311.0,172.0,,,
2024-11-09,261.0,122.0,,,
2024-11-10,294.0,133.0,,,
2024-11-11,289.0,122.0,,,
2024-11-12,283.0,94.0,,,
2024-11-13,306.0,122.0,,,
2024-11-14,244.0,56.0,,,
2024-11-15,244.0,17.0,,,
2024-11-16,283.0,89.0,,,
2024-11-17,317.0,178.0,71.0,,
2024-11-18,256.0,100.0,140.0,,
2024-11-19,283.0,72.0,,,
2024-11-20,200.0,22.0,,,
2024-11-21,222.0,0.0,,,
2024-11-22,244.0,22.0,,,
2024-11-23,256.0,22.0,,,
2024-11-24,283.0,128.0,,,
2024-11-25,278.0,83.0,,,
2024-11-26,178.0,33.0,,,
2024-11-27,272.0,117.0,,,
2024-11-28,150.0,61.0,,,
2024-11-29,150.0,17.0,,,
2024-11-30,178.0,6.0,,,
2024-12-01,217.0,22.0,,,
2024-12-02,200.0,17.0,,,
2024-12-03,189.0,22.0,,,
2024-12-04,139.0,117.0,36.0,,
2024-12-05,161.0,72.0,,,
2024-12-06,117.0,39.0,3.0,,
2024-12-07,83.0,56.0,41.0,,
2024-12-08,156.0,72.0,,,
2024-12-09,278.0,94.0,,,
2024-12-10,156.0,33.0,,,
2024-12-11,178.0,0.0,,,
2024-12-12,194.0,0.0,,,
2024-12-13,178.0,128.0,36.0,,
2024-12-14,267.0,178.0,41.0,,
2024-12-15,256.0,194.0,3.0,,
2024-12-16,272.0,178.0,15.0,,
2024-12-17,261.0,167.0,,,
2024-12-18,194.0,67.0,10.0,,
2024-12-19,200.0,22.0,,,
2024-12-20,194.0,17.0,,,
2024-12-21,167.0,-17.0,,,
2024-12-22,211.0,67.0,,,
2024-12-23,256.0,122.0,,,
2024-12-24,250.0,144.0,,,
2024-12-25,150.0,122.0,,,
2024-12-26,250.0,78.0,5.0,,
2024-12-27,267.0,28.0,,,
2024-12-28,278.0,100.0,,,
2024-12-29,239.0,67.0,,,
2024-12-30,306.0,94.0,,,
2024-12-31,194.0,44.0,,,
2025-01-01,150.0,11.0,,,
2025-01-02,172.0,0.0,,,
2025-01-03,200.0,117.0,,,
2025-01-04,233.0,128.0,,,
2025-01-05,233.0,11.0,0.0,,
2025-01-06,72.0,-33.0,,,
2025-01-07,78.0,-56.0,,,
2025-01-08,44.0,-33.0,,,
2025-01-09,50.0,17.0,168.0,,
2025-01-10,56.0,-28.0,,,
2025-01-11,150.0,-50.0,,,
2025-01-12,167.0,-22.0,,,
2025-01-13,133.0,-11.0,,,
2025-01-14,133.0,-28.0,,,
2025-01-15,172.0,11.0,,,
2025-01-16,183.0,-17.0,,,
2025-01-17,161.0,72.0,,,
2025-01-18,156.0,28.0,,,
2025-01-19,50.0,-67.0,,,
2025-01-20,6.0,-83.0,,,
2025-01-21,22.0,-78.0,,,
2025-01-22,106.0,-89.0,,,
2025-01-23,133.0,-61.0,,,
2025-01-24,150.0,-83.0,,,
2025-01-25,133.0,-33.0,10.0,,
2025-01-26,122.0,78.0,25.0,,
2025-01-27,122.0,61.0,,,
2025-01-28,122.0,78.0,15.0,,
2025-01-29,206.0,111.0,13.0,,
2025-01-30,211.0,94.0,170.0,,
2025-01-31,222.0,44.0,,,
2025-02-01,239.0,-5.0,,,
2025-02-02,272.0,72.0,,,
2025-02-03,283.0,150.0,,,
2025-02-04,289.0,178.0,,,
2025-02-05,256.0,172.0,,,
2025-02-06,283.0,183.0,,,
2025-02-07,267.0,194.0,,,
2025-02-08,306.0,156.0,,,
2025-02-09,156.0,94.0,,,
2025-02-10,94.0,72.0,,,
2025-02-11,106.0,72.0,183.0,,
2025-02-12,111.0,39.0,196.0,,
2025-02-13,67.0,-5.0,5.0,,
2025-02-14,94.0,0.0,5.0,,
2025-02-15,256.0,78.0,3.0,,
2025-02-16,117.0,6.0,,,
2025-02-17,161.0,-32.0,,,
2025-02-18,161.0,-27.0,5.0,,
2025-02-19,-32.0,-71.0,,,
2025-02-20,28.0,-82.0,,,
2025-02-21,28.0,-10.0,,,
2025-02-22,56.0,-10.0,,,
2025-02-23,189.0,44.0,3.0,,
2025-02-24,244.0,22.0,,,
2025-02-25,256.0,78.0,,,
2025-02-26,278.0,150.0,,,
2025-02-27,200.0,56.0,,,
2025-02-28,250.0,28.0,,,
2025-03-01,294.0,67.0,,,
2025-03-02,272.0,133.0,,,
2025-03-03,278.0,172.0,,,
2025-03-04,244.0,111.0,46.0,,
2025-03-05,217.0,67.0,,,
2025-03-06,233.0,17.0,,,
2025-03-07,278.0,144.0,,,
2025-03-08,228.0,89.0,,,
2025-03-09,167.0,50.0,,,
2025-03-10,256.0,0.0,,,
2025-03-11,278.0,72.0,,,
2025-03-12,306.0,139.0,33.0,,
2025-03-13,328.0,94.0,,,
2025-03-14,356.0,172.0,,,
2025-03-15,244.0,111.0,13.0,,
2025-03-16,267.0,22.0,,,
2025-03-17,294.0,33.0,,,
2025-03-18,294.0,128.0,,,
2025-03-19,261.0,94.0,,,
2025-03-20,206.0,33.0,,,
2025-03-21,261.0,22.0,,,
2025-03-22,294.0,117.0,,,
2025-03-23,317.0,178.0,,,
2025-03-24,283.0,122.0,,,
2025-03-25,328.0,128.0,,,
2025-03-26,278.0,183.0,,,
2025-03-27,194.0,150.0,201.0,,
2025-03-28,217.0,156.0,15.0,,
2025-03-29,300.0,178.0,,,
2025-03-30,267.0,189.0,,,
2025-03-31,244.0,144.0,,,
2025-04-01,278.0,128.0,,,
2025-04-02,294.0,217.0,,,
2025-04-03,328.0,183.0,,,
2025-04-04,311.0,150.0,,,
2025-04-05,156.0,100.0,23.0,,
2025-04-06,144.0,50.0,,,
2025-04-07,211.0,0.0,,,
2025-04-08,250.0,17.0,,,
2025-04-09,294.0,89.0,,,
2025-04-10,317.0,128.0,,,
2025-04-11,306.0,122.0,,,
2025-04-12,317.0,94.0,,,
2025-04-13,333.0,167.0,,,
2025-04-14,328.0,178.0,,,
2025-04-15,278.0,172.0,,,
2025-04-16,294.0,183.0,,,
2025-04-17,317.0,194.0,,,
2025-04-18,333.0,194.0,,,
2025-04-19,289.0,206.0,,,
2025-04-20,294.0,144.0,48.0,,
2025-04-21,306.0,100.0,,,
2025-04-22,311.0,150.0,69.0,,
2025-04-23,300.0,189.0,58.0,,
2025-04-24,306.0,167.0,3.0,,
2025-04-25,300.0,167.0,5.0,,
2025-04-26,300.0,194.0,5.0,,
2025-04-27,300.0,194.0,,,
2025-04-28,300.0,217.0,,,
2025-04-29,306.0,222.0,,,
2025-04-30,311.0,189.0,163.0,,
2025-05-01,317.0,161.0,343.0,,
2025-05-02,261.0,150.0,97.0,,
2025-05-03,250.0,117.0,,,
2025-05-04,261.0,94.0,,,
2025-05-05,239.0,133.0,58.0,,
2025-05-06,300.0,172.0,15.0,,
2025-05-07,250.0,156.0,,,
2025-05-08,283.0,144.0,,,
2025-05-09,267.0,161.0,,,
2025-05-10,261.0,144.0,,,
2025-05-11,272.0,128.0,,,
2025-05-12,306.0,106.0,,,
2025-05-13,361.0,161.0,,,
2025-05-14,356.0,217.0,,,
2025-05-15,356.0,217.0,,,
2025-05-16,350.0,244.0,,,
2025-05-17,344.0,256.0,,,
2025-05-18,322.0,239.0,,,
2025-05-19,311.0,250.0,,,
2025-05-20,317.0,206.0,,,
2025-05-21,328.0,139.0,,,
2025-05-22,356.0,211.0,,,
2025-05-23,356.0,222.0,5.0,,
2025-05-24,372.0,244.0,,,
2025-05-25,367.0,256.0,,,
2025-05-26,317.0,183.0,157.0,,
2025-05-27,311.0,183.0,5.0,,
2025-05-28,306.0,211.0,,,
2025-05-29,322.0,200.0,3.0,,
2025-05-30,278.0,200.0,,,
2025-05-31,306.0,217.0,,,
2025-06-01,356.0,206.0,,,
2025-06-02,344.0,228.0,,,
2025-06-03,333.0,239.0,,,
2025-06-04,306.0,244.0,,,
2025-06-05,350.0,233.0,,,
2025-06-06,350.0,244.0,,,
2025-06-07,356.0,250.0,,,
2025-06-08,361.0,239.0,,,
2025-06-09,261.0,250.0,,,
2025-06-11,300.0,200.0,15.0,,
2025-06-12,267.0,206.0,,,
2025-06-13,344.0,183.0,,,
2025-06-14,339.0,211.0,,,
2025-06-15,344.0,206.0,,,
2025-06-16,339.0,206.0,,,
2025-06-17,344.0,228.0,,,
2025-06-18,350.0,250.0,,,
2025-06-19,350.0,244.0,,,
2025-06-20,350.0,244.0,,,
2025-06-21,344.0,244.0,,,
2025-06-22,350.0,233.0,,,
2025-06-23,350.0,239.0,,,
2025-06-24,344.0,211.0,3.0,,
2025-06-25,333.0,217.0,,,
2025-06-26,344.0,222.0,15.0,,
2025-06-27,344.0,222.0,,,
2025-06-28,344.0,228.0,,,
2025-06-29,350.0,222.0,,,
2025-06-30,344.0,228.0,,,
2025-07-01,344.0,211.0,,,
2025-07-02,344.0,222.0,3.0,,
2025-07-03,278.0,222.0,3.0,,
2025-07-04,283.0,239.0,,,
2025-07-05,256.0,239.0,,,
2025-07-28,361.0,,,,
2025-07-29,372.0,211.0,,,
2025-07-30,378.0,172.0,,,
2025-07-31,378.0,211.0,,,
2025-08-01,378.0,228.0,,,
2025-08-02,372.0,239.0,8.0,,
2025-08-03,361.0,200.0,,,
2025-08-04,300.0,222.0,53.0,,
2025-08-05,350.0,200.0,,,
2025-08-06,361.0,228.0,,,
2025-08-07,372.0,239.0,,,
2025-08-08,372.0,228.0,,,
2025-08-09,372.0,239.0,,,
2025-08-10,361.0,228.0,,,
2025-08-11,361.0,222.0,,,
2025-08-12,372.0,239.0,,,
2025-08-13,339.0,228.0,,,
2025-08-14,378.0,239.0,,,
2025-08-15,361.0,239.0,,,
2025-08-16,361.0,228.0,,,
2025-08-17,372.0,250.0,,,
2025-08-18,389.0,239.0,,,
2025-08-19,350.0,222.0,8.0,,
2025-08-20,372.0,211.0,,,
2025-08-21,328.0,222.0,264.0,,
2025-08-22,339.0,211.0,3.0,,
2025-08-23,350.0,211.0,,,
2025-08-24,361.0,200.0,,,
2025-08-25,361.0,200.0,,,
2025-08-26,350.0,200.0,,,
2025-08-27,350.0,228.0,,,
2025-08-28,372.0,239.0,,,
2025-08-29,372.0,250.0,,,
2025-08-30,372.0,228.0,10.0,,
2025-08-31,272.0,228.0,79.0,,
2025-09-01,328.0,211.0,,,
2025-09-02,350.0,200.0,,,
2025-09-03,350.0,178.0,,,
2025-09-04,389.0,161.0,,,
2025-09-05,378.0,239.0,,,
2025-09-06,278.0,222.0,,,
2025-09-07,278.0,200.0,,,
2025-09-08,322.0,189.0,,,
2025-09-09,328.0,139.0,,,
2025-09-10,350.0,139.0,,,
2025-09-11,361.0,161.0,,,
2025-09-12,350.0,189.0,,,
2025-09-13,361.0,178.0,,,
2025-09-14,361.0,189.0,,,
2025-09-15,339.0,189.0,,,
2025-09-16,361.0,178.0,,,
2025-09-17,350.0,189.0,,,
2025-09-18,350.0,211.0,,,
2025-09-19,350.0,211.0,,,
2025-09-20,350.0,189.0,,,
2025-09-21,361.0,222.0,,,
2025-09-22,372.0,239.0,,,
2025-09-23,372.0,250.0,,,
2025-09-24,289.0,211.0,,,
2025-09-25,311.0,178.0,,,
2025-09-26,322.0,139.0,,,
2025-09-27,328.0,139.0,,,
2025-09-28,328.0,139.0,,,
2025-09-29,322.0,139.0,,,
2025-09-30,339.0,172.0,,,
2025-10-01,350.0,150.0,,,
2025-10-02,350.0,172.0,,,
2025-10-03,339.0,172.0,,,
2025-10-04,328.0,172.0,,,
2025-10-05,339.0,161.0,,,
2025-10-06,339.0,178.0,,,
2025-10-07,350.0,211.0,,,
2025-10-08,339.0,189.0,,,
2025-10-09,328.0,211.0,,,
2025-10-10,322.0,172.0,,,
2025-10-11,328.0,128.0,,,
2025-10-12,328.0,172.0,,,
2025-10-13,322.0,150.0,,,
2025-10-14,322.0,139.0,,,
2025-10-15,322.0,150.0,,,
2025-10-16,289.0,128.0,,,
2025-10-17,328.0,161.0,,,
2025-10-18,339.0,222.0,,,
2025-10-19,289.0,122.0,,,
2025-10-20,339.0,111.0,,,
2025-10-21,300.0,178.0,,,
2025-10-22,300.0,122.0,,,
2025-10-23,322.0,172.0,,,
2025-10-24,311.0,172.0,373.0,,
2025-10-25,261.0,172.0,300.0,,
2025-10-26,261.0,161.0,,,
2025-10-27,311.0,150.0,,,
2025-10-28,289.0,150.0,,,
2025-10-29,200.0,89.0,,,
2025-10-30,211.0,50.0,,,
2025-10-31,239.0,39.0,,,
2025-11-01,228.0,61.0,3.0,,
2025-11-02,228.0,72.0,,,
2025-11-03,250.0,61.0,,,
2025-11-04,261.0,72.0,,,
2025-11-05,278.0,122.0,,,
2025-11-06,278.0,139.0,,,
2025-11-07,322.0,150.0,,,
2025-11-08,289.0,122.0,,,
2025-11-09,200.0,61.0,,,
2025-11-10,150.0,11.0,,,
2025-11-11,228.0,28.0,,,
2025-11-12,278.0,111.0,,,
2025-11-13,289.0,122.0,,,
2025-11-14,289.0,178.0,,,
2025-11-15,278.0,172.0,,,
2025-11-16,300.0,189.0,,,
2025-11-17,300.0,200.0,,,
2025-11-18,289.0,200.0,,,
2025-11-19,300.0,200.0,,,
2025-11-20,278.0,178.0,358.0,,
2025-11-21,228.0,172.0,5.0,,
2025-11-22,228.0,111.0,,,
2025-11-23,222.0,111.0,,,
2025-11-24,250.0,122.0,53.0,,
2025-11-25,250.0,89.0,,,
2025-11-26,172.0,61.0,,,
2025-11-27,178.0,72.0,,,
2025-11-28,200.0,72.0,,,
2025-11-29,261.0,139.0,10.0,,
2025-11-30,139.0,61.0,,,
2025-12-01,61.0,39.0,,,
2025-12-02,122.0,0.0,,,
2025-12-03,139.0,11.0,3.0,,
2025-12-04,111.0,61.0,15.0,,
2025-12-05,100.0,50.0,,,
2025-12-06,228.0,50.0,,,
2025-12-07,178.0,72.0,,,
2025-12-08,139.0,0.0,,,
2025-12-09,200.0,-22.0,,,
2025-12-10,211.0,61.0,,,
2025-12-11,211.0,-11.0,,,
2025-12-12,228.0,111.0,,,
2025-12-13,228.0,139.0,,,
2025-12-14,172.0,0.0,,,
2025-12-15,122.0,-28.0,,,
2025-12-16,161.0,39.0,8.0,,
2025-12-17,178.0,139.0,46.0,,
2025-12-18,239.0,50.0,,,
2025-12-19,200.0,0.0,,,
2025-12-20,228.0,100.0,,,
2025-12-21,211.0,61.0,,,
2025-12-22,239.0,122.0,,,
2025-12-23,261.0,189.0,,,
2025-12-24,261.0,172.0,,,
2025-12-25,250.0,172.0,,,
2025-12-26,289.0,189.0,,,
2025-12-27,272.0,189.0,,,
2025-12-28,261.0,100.0,,,
2025-12-29,100.0,39.0,,,
2025-12-30,139.0,-11.0,,,
2025-12-31,211.0,-22.0,,,
2026-01-01,228.0,39.0,,,
2026-01-02,300.0,122.0,,,
2026-01-03,228.0,78.0,,,
2026-01-04,211.0,22.0,,,
2026-01-05,239.0,111.0,,,
2026-01-06,289.0,89.0,,,
2026-01-07,272.0,61.0,,,
2026-01-08,272.0,172.0,,,
2026-01-09,222.0,122.0,,,
2026-01-10,139.0,22.0,,,
2026-01-11,172.0,-11.0,,,
2026-01-12,178.0,22.0,,,
2026-01-13,139.0,39.0,30.0,,
2026-01-14,189.0,28.0,,,
2026-01-15,178.0,0.0,,,
2026-01-16,222.0,50.0,,,
2026-01-17,122.0,-28.0,,,
2026-01-18,172.0,-50.0,,,
2026-01-19,200.0,0.0,,,
2026-01-20,150.0,11.0,,,
2026-01-21,228.0,128.0,13.0,,
2026-01-22,172.0,111.0,,,
2026-01-23,189.0,72.0,36.0,,
2026-01-24,61.0,-50.0,292.0,,
2026-01-25,-28.0,-72.0,94.0,,
2026-01-26,11.0,-78.0,,,
2026-01-27,78.0,-89.0,,,
2026-01-28,122.0,-50.0,,,
2026-01-29,222.0,-11.0,,,
2026-01-30,122.0,-11.0,,,
2026-01-31,50.0,-50.0,,,
2026-02-01,139.0,-72.0,,,
2026-02-02,200.0,22.0,,,
2026-02-03,222.0,111.0,,,
2026-02-04,172.0,28.0,,,
2026-02-05,211.0,0.0,,,
2026-02-06,278.0,28.0,,,
2026-02-07,278.0,39.0,,,
2026-02-08,272.0,78.0,,,
2026-02-09,289.0,122.0,,,
2026-02-10,211.0,161.0,5.0,,
2026-02-11,228.0,78.0,,,
2026-02-12,272.0,61.0,,,
2026-02-13,272.0,161.0,,,
2026-02-14,222.0,122.0,79.0,,
2026-02-15,222.0,78.0,,,
2026-02-16,250.0,39.0,,,
2026-02-17,278.0,128.0,,,
2026-02-18,261.0,172.0,,,
2026-02-19,289.0,139.0,,,
2026-02-20,172.0,111.0,,,
2026-02-21,222.0,78.0,,,
2026-02-22,78.0,22.0,,,
2026-03-18,239.0,139.0,,,
2026-03-19,289.0,111.0,,,
2026-03-20,322.0,128.0,,,
2026-03-21,328.0,139.0,,,
2026-03-22,328.0,150.0,,,
2026-03-23,300.0,172.0,,,
2026-03-24,300.0,161.0,,,
2026-03-25,311.0,178.0,,,
2026-03-26,311.0,200.0,,,
2026-03-27,289.0,150.0,,,
2026-03-28,200.0,111.0,,,
2026-03-29,278.0,89.0,,,
2026-03-30,311.0,189.0,,,
2026-03-31,322.0,178.0,,,
2026-04-01,322.0,211.0,,,
2026-04-02,289.0,178.0,442.0,,
2026-04-03,289.0,222.0,,,
2026-04-04,228.0,128.0,127.0,,
2026-04-05,178.0,100.0,,,
2026-04-06,222.0,78.0,,,
2026-04-07,228.0,61.0,,,
2026-04-08,261.0,100.0,,,
2026-04-09,278.0,172.0,127.0,,
2026-04-10,278.0,178.0,25.0,,
2026-04-11,289.0,200.0,89.0,,
2026-04-12,228.0,200.0,241.0,,
2026-04-13,300.0,211.0,5.0,,
2026-04-14,300.0,211.0,,,
2026-04-15,289.0,200.0,,,
2026-04-16,311.0,200.0,,,
2026-04-17,300.0,211.0,,,
2026-04-18,228.0,100.0,51.0,,
2026-04-19,222.0,72.0,,,
2026-04-20,178.0,128.0,114.0,,
2026-04-21,178.0,139.0,775.0,,
2026-04-22,278.0,172.0,3.0,,
2026-04-23,278.0,200.0,,,
2026-04-24,311.0,222.0,,,
2026-04-25,311.0,228.0,,,
2026-04-26,311.0,222.0,,,
2026-04-27,311.0,239.0,,,
2026-04-28,311.0,239.0,,,
2026-04-29,261.0,161.0,5.0,,
2026-04-30,200.0,161.0,84.0,,
2026-05-01,172.0,111.0,323.0,,
2026-05-02,239.0,89.0,,,
2026-05-03,261.0,89.0,,,
2026-05-04,278.0,139.0,,,
2026-05-05,289.0,211.0,,,
2026-05-06,261.0,161.0,,,
2026-05-07,189.0,150.0,,,
2026-05-08,272.0,150.0,,,
2026-05-09,311.0,200.0,,,
2026-05-10,322.0,178.0,193.0,,
2026-05-11,261.0,172.0,,,
2026-05-12,278.0,150.0,,,
2026-05-13,311.0,150.0,,,
2026-05-14,311.0,178.0,,,
2026-05-15,322.0,200.0,,,
2026-05-16,322.0,200.0,,,
2026-05-17,300.0,228.0,3.0,,
2026-05-18,328.0,250.0,,,
2026-05-19,339.0,178.0,826.0,,
2026-05-20,278.0,200.0,18.0,,
2026-05-21,272.0,178.0,81.0,,
2026-05-22,300.0,178.0,5.0,,
2026-05-23,289.0,178.0,,,
2026-05-24,311.0,178.0,,,
2026-05-25,311.0,178.0,41.0,,
2026-05-26,311.0,178.0,132.0,,
2026-05-27,239.0,178.0,66.0,,
2026-05-28,311.0,161.0,,,
2026-05-29,322.0,222.0,,,
2026-05-30,311.0,222.0,,,
2026-05-31,322.0,222.0,,,
2026-06-01,328.0,222.0,,,
2026-06-02,339.0,211.0,30.0,,
2026-06-03,311.0,200.0,,,
2026-06-04,311.0,211.0,23.0,,
2026-06-05,311.0,228.0,18.0,,
2026-06-06,328.0,239.0,160.0,,
2026-06-07,322.0,261.0,,,
2026-06-08,311.0,239.0,10.0,,
2026-06-09,328.0,239.0,,,
2026-06-10,339.0,250.0,,,
2026-06-11,339.0,250.0,,,
2026-06-12,339.0,250.0,,,
2026-06-13,339.0,239.0,,,
2026-06-14,328.0,228.0,460.0,,
2026-06-15,289.0,222.0,599.0,,
2026-06-16,322.0,222.0,43.0,,
2026-06-17,311.0,222.0,,,
2026-06-18,361.0,239.0,,,
2026-06-19,311.0,250.0,,,
2026-06-20,322.0,228.0,244.0,,
2026-06-21,328.0,228.0,,,
2026-06-22,339.0,261.0,,,
2026-06-23,339.0,250.0,,,
2026-06-24,339.0,228.0,,,
2026-06-25,328.0,228.0,,,
2026-06-26,350.0,239.0,,,
2026-06-27,350.0,239.0,,,
2026-06-28,350.0,261.0,,,
2026-06-29,350.0,261.0,,,
2026-06-30,350.0,239.0,,,
2026-07-01,350.0,250.0,,,
2026-07-02,350.0,228.0,,,
2026-07-03,361.0,239.0,,,
2026-07-04,361.0,250.0,,,
2026-07-05,361.0,250.0,,,
2026-07-06,350.0,228.0,,,
2026-07-07,361.0,228.0,,,
2026-07-08,372.0,239.0,,,
2026-07-09,361.0,239.0,,,
2026-07-10,350.0,222.0,,,
2026-07-11,328.0,239.0,5.0,,
2026-07-12,361.0,239.0,,,
2026-07-13,339.0,239.0,,,
2026-07-14,250.0,228.0,226.0,,
2026-07-15,278.0,228.0,5.0,,
2026-07-16,300.0,228.0,61.0,,
2026-07-17,339.0,239.0,,,
2026-07-18,350.0,261.0,,,
2026-07-19,361.0,239.0,,,
2026-07-20,372.0,239.0,,,
2026-07-21,378.0,228.0,,,
